ISO-10303-21;
HEADER;
FILE_DESCRIPTION(('KiCad electronic assembly'),'2;1');
FILE_NAME('SAO_Demo_Controller.step','2025-09-30T18:55:09',('Pcbnew'),(
    'Kicad'),'Open CASCADE STEP processor 7.7','KiCad to STEP converter'
  ,'Unknown');
FILE_SCHEMA(('AUTOMOTIVE_DESIGN { 1 0 10303 214 1 1 1 1 }'));
ENDSEC;
DATA;
#1 = APPLICATION_PROTOCOL_DEFINITION('international standard',
  'automotive_design',2000,#2);
#2 = APPLICATION_CONTEXT(
  'core data for automotive mechanical design processes');
#3 = SHAPE_DEFINITION_REPRESENTATION(#4,#10);
#4 = PRODUCT_DEFINITION_SHAPE('','',#5);
#5 = PRODUCT_DEFINITION('design','',#6,#9);
#6 = PRODUCT_DEFINITION_FORMATION('','',#7);
#7 = PRODUCT('SAO_Demo_Controller 1','SAO_Demo_Controller 1','',(#8));
#8 = PRODUCT_CONTEXT('',#2,'mechanical');
#9 = PRODUCT_DEFINITION_CONTEXT('part definition',#2,'design');
#10 = SHAPE_REPRESENTATION('',(#11,#15,#19,#23,#27),#31);
#11 = AXIS2_PLACEMENT_3D('',#12,#13,#14);
#12 = CARTESIAN_POINT('',(0.,0.,0.));
#13 = DIRECTION('',(0.,0.,1.));
#14 = DIRECTION('',(1.,0.,-0.));
#15 = AXIS2_PLACEMENT_3D('',#16,#17,#18);
#16 = CARTESIAN_POINT('',(90.5002,-158.4211,-5.E-02));
#17 = DIRECTION('',(-1.224646799147E-16,-1.359631073447E-32,-1.));
#18 = DIRECTION('',(1.110223024625E-16,-1.,0.));
#19 = AXIS2_PLACEMENT_3D('',#20,#21,#22);
#20 = CARTESIAN_POINT('',(97.2312,-155.1191,-5.E-02));
#21 = DIRECTION('',(1.224646799147E-16,-1.359631073447E-32,-1.));
#22 = DIRECTION('',(1.110223024625E-16,1.,0.));
#23 = AXIS2_PLACEMENT_3D('',#24,#25,#26);
#24 = CARTESIAN_POINT('',(97.2312,-159.5876,-5.E-02));
#25 = DIRECTION('',(-1.224646799147E-16,-1.359631073447E-32,-1.));
#26 = DIRECTION('',(1.110223024625E-16,-1.,0.));
#27 = AXIS2_PLACEMENT_3D('',#28,#29,#30);
#28 = CARTESIAN_POINT('',(0.,0.,0.));
#29 = DIRECTION('',(0.,0.,1.));
#30 = DIRECTION('',(1.,0.,-0.));
#31 = ( GEOMETRIC_REPRESENTATION_CONTEXT(3) 
GLOBAL_UNCERTAINTY_ASSIGNED_CONTEXT((#35)) GLOBAL_UNIT_ASSIGNED_CONTEXT(
(#32,#33,#34)) REPRESENTATION_CONTEXT('Context #1',
  '3D Context with UNIT and UNCERTAINTY') );
#32 = ( LENGTH_UNIT() NAMED_UNIT(*) SI_UNIT(.MILLI.,.METRE.) );
#33 = ( NAMED_UNIT(*) PLANE_ANGLE_UNIT() SI_UNIT($,.RADIAN.) );
#34 = ( NAMED_UNIT(*) SI_UNIT($,.STERADIAN.) SOLID_ANGLE_UNIT() );
#35 = UNCERTAINTY_MEASURE_WITH_UNIT(LENGTH_MEASURE(1.E-07),#32,
  'distance_accuracy_value','confusion accuracy');
#36 = PRODUCT_RELATED_PRODUCT_CATEGORY('part',$,(#7));
#37 = SHAPE_DEFINITION_REPRESENTATION(#38,#44);
#38 = PRODUCT_DEFINITION_SHAPE('','',#39);
#39 = PRODUCT_DEFINITION('design','',#40,#43);
#40 = PRODUCT_DEFINITION_FORMATION('','',#41);
#41 = PRODUCT('D_0805_2012Metric','D_0805_2012Metric','',(#42));
#42 = PRODUCT_CONTEXT('',#2,'mechanical');
#43 = PRODUCT_DEFINITION_CONTEXT('part definition',#2,'design');
#44 = SHAPE_REPRESENTATION('',(#11,#45),#49);
#45 = AXIS2_PLACEMENT_3D('',#46,#47,#48);
#46 = CARTESIAN_POINT('',(0.,0.,0.));
#47 = DIRECTION('',(0.,0.,1.));
#48 = DIRECTION('',(1.,0.,-0.));
#49 = ( GEOMETRIC_REPRESENTATION_CONTEXT(3) 
GLOBAL_UNCERTAINTY_ASSIGNED_CONTEXT((#53)) GLOBAL_UNIT_ASSIGNED_CONTEXT(
(#50,#51,#52)) REPRESENTATION_CONTEXT('Context #1',
  '3D Context with UNIT and UNCERTAINTY') );
#50 = ( LENGTH_UNIT() NAMED_UNIT(*) SI_UNIT(.MILLI.,.METRE.) );
#51 = ( NAMED_UNIT(*) PLANE_ANGLE_UNIT() SI_UNIT($,.RADIAN.) );
#52 = ( NAMED_UNIT(*) SI_UNIT($,.STERADIAN.) SOLID_ANGLE_UNIT() );
#53 = UNCERTAINTY_MEASURE_WITH_UNIT(LENGTH_MEASURE(1.E-07),#50,
  'distance_accuracy_value','confusion accuracy');
#54 = CONTEXT_DEPENDENT_SHAPE_REPRESENTATION(#55,#57);
#55 = ( REPRESENTATION_RELATIONSHIP('','',#44,#10) 
REPRESENTATION_RELATIONSHIP_WITH_TRANSFORMATION(#56) 
SHAPE_REPRESENTATION_RELATIONSHIP() );
#56 = ITEM_DEFINED_TRANSFORMATION('','',#11,#15);
#57 = PRODUCT_DEFINITION_SHAPE('Placement','Placement of an item',#58);
#58 = NEXT_ASSEMBLY_USAGE_OCCURRENCE('2','D1','',#5,#39,$);
#59 = PRODUCT_RELATED_PRODUCT_CATEGORY('part',$,(#41));
#60 = SHAPE_DEFINITION_REPRESENTATION(#61,#67);
#61 = PRODUCT_DEFINITION_SHAPE('','',#62);
#62 = PRODUCT_DEFINITION('design','',#63,#66);
#63 = PRODUCT_DEFINITION_FORMATION('','',#64);
#64 = PRODUCT('D_0805','D_0805','',(#65));
#65 = PRODUCT_CONTEXT('',#2,'mechanical');
#66 = PRODUCT_DEFINITION_CONTEXT('part definition',#2,'design');
#67 = ADVANCED_BREP_SHAPE_REPRESENTATION('',(#11,#68),#1344);
#68 = MANIFOLD_SOLID_BREP('',#69);
#69 = CLOSED_SHELL('',(#70,#127,#210,#239,#311,#336,#411,#428,#514,#538,
    #646,#663,#680,#704,#716,#733,#745,#762,#779,#796,#865,#890,#907,
    #973,#985,#1002,#1033,#1057,#1081,#1098,#1132,#1161,#1185,#1214,
    #1241,#1270,#1294,#1316,#1328));
#70 = ADVANCED_FACE('',(#71),#122,.T.);
#71 = FACE_BOUND('',#72,.T.);
#72 = EDGE_LOOP('',(#73,#83,#91,#99,#107,#116));
#73 = ORIENTED_EDGE('',*,*,#74,.F.);
#74 = EDGE_CURVE('',#75,#77,#79,.T.);
#75 = VERTEX_POINT('',#76);
#76 = CARTESIAN_POINT('',(0.58,0.5,0.8));
#77 = VERTEX_POINT('',#78);
#78 = CARTESIAN_POINT('',(0.97,0.5,0.8));
#79 = LINE('',#80,#81);
#80 = CARTESIAN_POINT('',(0.55,0.5,0.8));
#81 = VECTOR('',#82,1.);
#82 = DIRECTION('',(1.,-2.22044604925E-16,0.));
#83 = ORIENTED_EDGE('',*,*,#84,.T.);
#84 = EDGE_CURVE('',#75,#85,#87,.T.);
#85 = VERTEX_POINT('',#86);
#86 = CARTESIAN_POINT('',(0.58,-0.5,0.8));
#87 = LINE('',#88,#89);
#88 = CARTESIAN_POINT('',(0.58,0.5,0.8));
#89 = VECTOR('',#90,1.);
#90 = DIRECTION('',(-2.22044604925E-16,-1.,0.));
#91 = ORIENTED_EDGE('',*,*,#92,.T.);
#92 = EDGE_CURVE('',#85,#93,#95,.T.);
#93 = VERTEX_POINT('',#94);
#94 = CARTESIAN_POINT('',(0.97,-0.5,0.8));
#95 = LINE('',#96,#97);
#96 = CARTESIAN_POINT('',(0.55,-0.5,0.8));
#97 = VECTOR('',#98,1.);
#98 = DIRECTION('',(1.,-2.22044604925E-16,0.));
#99 = ORIENTED_EDGE('',*,*,#100,.F.);
#100 = EDGE_CURVE('',#101,#93,#103,.T.);
#101 = VERTEX_POINT('',#102);
#102 = CARTESIAN_POINT('',(0.97,-0.3,0.8));
#103 = LINE('',#104,#105);
#104 = CARTESIAN_POINT('',(0.97,0.5,0.8));
#105 = VECTOR('',#106,1.);
#106 = DIRECTION('',(-2.22044604925E-16,-1.,0.));
#107 = ORIENTED_EDGE('',*,*,#108,.F.);
#108 = EDGE_CURVE('',#109,#101,#111,.T.);
#109 = VERTEX_POINT('',#110);
#110 = CARTESIAN_POINT('',(0.97,0.3,0.8));
#111 = CIRCLE('',#112,0.3);
#112 = AXIS2_PLACEMENT_3D('',#113,#114,#115);
#113 = CARTESIAN_POINT('',(0.97,-2.153832667773E-16,0.8));
#114 = DIRECTION('',(0.,0.,1.));
#115 = DIRECTION('',(-2.22044604925E-16,-1.,0.));
#116 = ORIENTED_EDGE('',*,*,#117,.F.);
#117 = EDGE_CURVE('',#77,#109,#118,.T.);
#118 = LINE('',#119,#120);
#119 = CARTESIAN_POINT('',(0.97,0.5,0.8));
#120 = VECTOR('',#121,1.);
#121 = DIRECTION('',(-2.22044604925E-16,-1.,0.));
#122 = PLANE('',#123);
#123 = AXIS2_PLACEMENT_3D('',#124,#125,#126);
#124 = CARTESIAN_POINT('',(0.55,0.5,0.8));
#125 = DIRECTION('',(0.,0.,1.));
#126 = DIRECTION('',(-2.22044604925E-16,-1.,0.));
#127 = ADVANCED_FACE('',(#128),#205,.F.);
#128 = FACE_BOUND('',#129,.F.);
#129 = EDGE_LOOP('',(#130,#140,#149,#157,#166,#174,#181,#182,#191,#199)
  );
#130 = ORIENTED_EDGE('',*,*,#131,.F.);
#131 = EDGE_CURVE('',#132,#134,#136,.T.);
#132 = VERTEX_POINT('',#133);
#133 = CARTESIAN_POINT('',(0.55,0.5,3.E-02));
#134 = VERTEX_POINT('',#135);
#135 = CARTESIAN_POINT('',(0.985,0.5,3.E-02));
#136 = LINE('',#137,#138);
#137 = CARTESIAN_POINT('',(-0.2175,0.5,3.E-02));
#138 = VECTOR('',#139,1.);
#139 = DIRECTION('',(1.,-2.22044604925E-16,0.));
#140 = ORIENTED_EDGE('',*,*,#141,.T.);
#141 = EDGE_CURVE('',#132,#142,#144,.T.);
#142 = VERTEX_POINT('',#143);
#143 = CARTESIAN_POINT('',(0.58,0.5,-3.469446951954E-18));
#144 = CIRCLE('',#145,3.E-02);
#145 = AXIS2_PLACEMENT_3D('',#146,#147,#148);
#146 = CARTESIAN_POINT('',(0.58,0.5,3.E-02));
#147 = DIRECTION('',(-2.22044604925E-16,-1.,0.));
#148 = DIRECTION('',(0.,0.,1.));
#149 = ORIENTED_EDGE('',*,*,#150,.T.);
#150 = EDGE_CURVE('',#142,#151,#153,.T.);
#151 = VERTEX_POINT('',#152);
#152 = CARTESIAN_POINT('',(0.97,0.5,-3.469446951954E-18));
#153 = LINE('',#154,#155);
#154 = CARTESIAN_POINT('',(0.55,0.5,0.));
#155 = VECTOR('',#156,1.);
#156 = DIRECTION('',(1.,-2.22044604925E-16,0.));
#157 = ORIENTED_EDGE('',*,*,#158,.F.);
#158 = EDGE_CURVE('',#159,#151,#161,.T.);
#159 = VERTEX_POINT('',#160);
#160 = CARTESIAN_POINT('',(1.,0.5,3.E-02));
#161 = CIRCLE('',#162,3.E-02);
#162 = AXIS2_PLACEMENT_3D('',#163,#164,#165);
#163 = CARTESIAN_POINT('',(0.97,0.5,3.E-02));
#164 = DIRECTION('',(2.22044604925E-16,1.,-0.));
#165 = DIRECTION('',(0.,0.,1.));
#166 = ORIENTED_EDGE('',*,*,#167,.T.);
#167 = EDGE_CURVE('',#159,#168,#170,.T.);
#168 = VERTEX_POINT('',#169);
#169 = CARTESIAN_POINT('',(1.,0.5,0.77));
#170 = LINE('',#171,#172);
#171 = CARTESIAN_POINT('',(1.,0.5,0.));
#172 = VECTOR('',#173,1.);
#173 = DIRECTION('',(0.,0.,1.));
#174 = ORIENTED_EDGE('',*,*,#175,.T.);
#175 = EDGE_CURVE('',#168,#77,#176,.T.);
#176 = CIRCLE('',#177,3.E-02);
#177 = AXIS2_PLACEMENT_3D('',#178,#179,#180);
#178 = CARTESIAN_POINT('',(0.97,0.5,0.77));
#179 = DIRECTION('',(-2.22044604925E-16,-1.,0.));
#180 = DIRECTION('',(0.,0.,1.));
#181 = ORIENTED_EDGE('',*,*,#74,.F.);
#182 = ORIENTED_EDGE('',*,*,#183,.F.);
#183 = EDGE_CURVE('',#184,#75,#186,.T.);
#184 = VERTEX_POINT('',#185);
#185 = CARTESIAN_POINT('',(0.55,0.5,0.77));
#186 = CIRCLE('',#187,3.E-02);
#187 = AXIS2_PLACEMENT_3D('',#188,#189,#190);
#188 = CARTESIAN_POINT('',(0.58,0.5,0.77));
#189 = DIRECTION('',(2.22044604925E-16,1.,-0.));
#190 = DIRECTION('',(0.,0.,1.));
#191 = ORIENTED_EDGE('',*,*,#192,.T.);
#192 = EDGE_CURVE('',#184,#193,#195,.T.);
#193 = VERTEX_POINT('',#194);
#194 = CARTESIAN_POINT('',(0.985,0.5,0.77));
#195 = LINE('',#196,#197);
#196 = CARTESIAN_POINT('',(-0.2175,0.5,0.77));
#197 = VECTOR('',#198,1.);
#198 = DIRECTION('',(1.,-2.22044604925E-16,0.));
#199 = ORIENTED_EDGE('',*,*,#200,.T.);
#200 = EDGE_CURVE('',#193,#134,#201,.T.);
#201 = LINE('',#202,#203);
#202 = CARTESIAN_POINT('',(0.985,0.5,1.5E-02));
#203 = VECTOR('',#204,1.);
#204 = DIRECTION('',(0.,0.,-1.));
#205 = PLANE('',#206);
#206 = AXIS2_PLACEMENT_3D('',#207,#208,#209);
#207 = CARTESIAN_POINT('',(0.55,0.5,0.));
#208 = DIRECTION('',(-2.22044604925E-16,-1.,0.));
#209 = DIRECTION('',(0.,0.,1.));
#210 = ADVANCED_FACE('',(#211),#234,.T.);
#211 = FACE_BOUND('',#212,.T.);
#212 = EDGE_LOOP('',(#213,#221,#222,#223));
#213 = ORIENTED_EDGE('',*,*,#214,.F.);
#214 = EDGE_CURVE('',#168,#215,#217,.T.);
#215 = VERTEX_POINT('',#216);
#216 = CARTESIAN_POINT('',(1.,0.298496231132,0.77));
#217 = LINE('',#218,#219);
#218 = CARTESIAN_POINT('',(1.,0.5,0.77));
#219 = VECTOR('',#220,1.);
#220 = DIRECTION('',(-2.22044604925E-16,-1.,0.));
#221 = ORIENTED_EDGE('',*,*,#175,.T.);
#222 = ORIENTED_EDGE('',*,*,#117,.T.);
#223 = ORIENTED_EDGE('',*,*,#224,.F.);
#224 = EDGE_CURVE('',#215,#109,#225,.T.);
#225 = B_SPLINE_CURVE_WITH_KNOTS('',7,(#226,#227,#228,#229,#230,#231,
    #232,#233),.UNSPECIFIED.,.F.,.F.,(8,8),(0.,1.),
  .PIECEWISE_BEZIER_KNOTS.);
#226 = CARTESIAN_POINT('',(1.,0.298496231132,0.77));
#227 = CARTESIAN_POINT('',(1.,0.298496231132,0.777078545453));
#228 = CARTESIAN_POINT('',(0.998051511412,0.298692111009,0.783950991788)
  );
#229 = CARTESIAN_POINT('',(0.994358226798,0.299063046355,0.79006090216)
  );
#230 = CARTESIAN_POINT('',(0.989239725864,0.299497180638,0.79497497463)
  );
#231 = CARTESIAN_POINT('',(0.983106381509,0.299835743265,0.798356731994)
  );
#232 = CARTESIAN_POINT('',(0.976500022629,0.3,0.8));
#233 = CARTESIAN_POINT('',(0.97,0.3,0.8));
#234 = CYLINDRICAL_SURFACE('',#235,3.E-02);
#235 = AXIS2_PLACEMENT_3D('',#236,#237,#238);
#236 = CARTESIAN_POINT('',(0.97,0.5,0.77));
#237 = DIRECTION('',(-2.22044604925E-16,-1.,0.));
#238 = DIRECTION('',(1.,-2.22044604925E-16,0.));
#239 = ADVANCED_FACE('',(#240),#306,.F.);
#240 = FACE_BOUND('',#241,.F.);
#241 = EDGE_LOOP('',(#242,#252,#263,#264,#265,#273,#286,#295));
#242 = ORIENTED_EDGE('',*,*,#243,.T.);
#243 = EDGE_CURVE('',#244,#246,#248,.T.);
#244 = VERTEX_POINT('',#245);
#245 = CARTESIAN_POINT('',(1.,-0.298496231132,3.E-02));
#246 = VERTEX_POINT('',#247);
#247 = CARTESIAN_POINT('',(1.,-0.298496231132,0.77));
#248 = LINE('',#249,#250);
#249 = CARTESIAN_POINT('',(1.,-0.298496231132,0.8));
#250 = VECTOR('',#251,1.);
#251 = DIRECTION('',(0.,0.,1.));
#252 = ORIENTED_EDGE('',*,*,#253,.T.);
#253 = EDGE_CURVE('',#246,#101,#254,.T.);
#254 = B_SPLINE_CURVE_WITH_KNOTS('',7,(#255,#256,#257,#258,#259,#260,
    #261,#262),.UNSPECIFIED.,.F.,.F.,(8,8),(0.,1.),
  .PIECEWISE_BEZIER_KNOTS.);
#255 = CARTESIAN_POINT('',(1.,-0.298496231132,0.77));
#256 = CARTESIAN_POINT('',(1.,-0.298496231132,0.777078545461));
#257 = CARTESIAN_POINT('',(0.998051511934,-0.298692110584,0.783950989081
    ));
#258 = CARTESIAN_POINT('',(0.994358225228,-0.299063047752,0.790060909904
    ));
#259 = CARTESIAN_POINT('',(0.989239728548,-0.299497178561,0.794974964065
    ));
#260 = CARTESIAN_POINT('',(0.983106378111,-0.299835744948,0.798356740361
    ));
#261 = CARTESIAN_POINT('',(0.976500024714,-0.29999999935,0.79999999675)
  );
#262 = CARTESIAN_POINT('',(0.97,-0.3,0.8));
#263 = ORIENTED_EDGE('',*,*,#108,.F.);
#264 = ORIENTED_EDGE('',*,*,#224,.F.);
#265 = ORIENTED_EDGE('',*,*,#266,.F.);
#266 = EDGE_CURVE('',#267,#215,#269,.T.);
#267 = VERTEX_POINT('',#268);
#268 = CARTESIAN_POINT('',(1.,0.298496231132,3.E-02));
#269 = LINE('',#270,#271);
#270 = CARTESIAN_POINT('',(1.,0.298496231132,0.8));
#271 = VECTOR('',#272,1.);
#272 = DIRECTION('',(0.,0.,1.));
#273 = ORIENTED_EDGE('',*,*,#274,.T.);
#274 = EDGE_CURVE('',#267,#275,#277,.T.);
#275 = VERTEX_POINT('',#276);
#276 = CARTESIAN_POINT('',(0.97,0.3,-3.469446951954E-18));
#277 = B_SPLINE_CURVE_WITH_KNOTS('',7,(#278,#279,#280,#281,#282,#283,
    #284,#285),.UNSPECIFIED.,.F.,.F.,(8,8),(0.,1.),
  .PIECEWISE_BEZIER_KNOTS.);
#278 = CARTESIAN_POINT('',(1.,0.298496231132,3.E-02));
#279 = CARTESIAN_POINT('',(1.,0.298496231132,2.292145454723E-02));
#280 = CARTESIAN_POINT('',(0.998051511412,0.298692111009,
    1.604900821222E-02));
#281 = CARTESIAN_POINT('',(0.994358226798,0.299063046355,
    9.939097839943E-03));
#282 = CARTESIAN_POINT('',(0.989239725864,0.299497180638,
    5.025025369892E-03));
#283 = CARTESIAN_POINT('',(0.98310638151,0.299835743265,
    1.64326800583E-03));
#284 = CARTESIAN_POINT('',(0.976500022628,0.3,-1.734723475977E-18));
#285 = CARTESIAN_POINT('',(0.97,0.3,-1.734723475977E-18));
#286 = ORIENTED_EDGE('',*,*,#287,.T.);
#287 = EDGE_CURVE('',#275,#288,#290,.T.);
#288 = VERTEX_POINT('',#289);
#289 = CARTESIAN_POINT('',(0.97,-0.3,-1.734723475977E-18));
#290 = CIRCLE('',#291,0.3);
#291 = AXIS2_PLACEMENT_3D('',#292,#293,#294);
#292 = CARTESIAN_POINT('',(0.97,-2.153832667773E-16,0.));
#293 = DIRECTION('',(0.,0.,1.));
#294 = DIRECTION('',(-2.22044604925E-16,-1.,0.));
#295 = ORIENTED_EDGE('',*,*,#296,.F.);
#296 = EDGE_CURVE('',#244,#288,#297,.T.);
#297 = B_SPLINE_CURVE_WITH_KNOTS('',7,(#298,#299,#300,#301,#302,#303,
    #304,#305),.UNSPECIFIED.,.F.,.F.,(8,8),(0.,1.),
  .PIECEWISE_BEZIER_KNOTS.);
#298 = CARTESIAN_POINT('',(1.,-0.298496231132,3.E-02));
#299 = CARTESIAN_POINT('',(1.,-0.298496231132,2.292145453898E-02));
#300 = CARTESIAN_POINT('',(0.998051511934,-0.298692110584,
    1.604901091858E-02));
#301 = CARTESIAN_POINT('',(0.994358225228,-0.299063047752,
    9.939090096346E-03));
#302 = CARTESIAN_POINT('',(0.989239728548,-0.299497178561,
    5.025035935187E-03));
#303 = CARTESIAN_POINT('',(0.983106378111,-0.299835744948,
    1.643259638904E-03));
#304 = CARTESIAN_POINT('',(0.976500024714,-0.29999999935,
    3.25001235963E-09));
#305 = CARTESIAN_POINT('',(0.97,-0.3,-1.734723475977E-18));
#306 = CYLINDRICAL_SURFACE('',#307,0.3);
#307 = AXIS2_PLACEMENT_3D('',#308,#309,#310);
#308 = CARTESIAN_POINT('',(0.97,-2.153832667773E-16,0.8));
#309 = DIRECTION('',(0.,0.,1.));
#310 = DIRECTION('',(-2.22044604925E-16,-1.,0.));
#311 = ADVANCED_FACE('',(#312),#331,.T.);
#312 = FACE_BOUND('',#313,.T.);
#313 = EDGE_LOOP('',(#314,#322,#323,#324));
#314 = ORIENTED_EDGE('',*,*,#315,.F.);
#315 = EDGE_CURVE('',#246,#316,#318,.T.);
#316 = VERTEX_POINT('',#317);
#317 = CARTESIAN_POINT('',(1.,-0.5,0.77));
#318 = LINE('',#319,#320);
#319 = CARTESIAN_POINT('',(1.,0.5,0.77));
#320 = VECTOR('',#321,1.);
#321 = DIRECTION('',(-2.22044604925E-16,-1.,0.));
#322 = ORIENTED_EDGE('',*,*,#253,.T.);
#323 = ORIENTED_EDGE('',*,*,#100,.T.);
#324 = ORIENTED_EDGE('',*,*,#325,.F.);
#325 = EDGE_CURVE('',#316,#93,#326,.T.);
#326 = CIRCLE('',#327,3.E-02);
#327 = AXIS2_PLACEMENT_3D('',#328,#329,#330);
#328 = CARTESIAN_POINT('',(0.97,-0.5,0.77));
#329 = DIRECTION('',(-2.22044604925E-16,-1.,0.));
#330 = DIRECTION('',(0.,0.,1.));
#331 = CYLINDRICAL_SURFACE('',#332,3.E-02);
#332 = AXIS2_PLACEMENT_3D('',#333,#334,#335);
#333 = CARTESIAN_POINT('',(0.97,0.5,0.77));
#334 = DIRECTION('',(-2.22044604925E-16,-1.,0.));
#335 = DIRECTION('',(1.,-2.22044604925E-16,0.));
#336 = ADVANCED_FACE('',(#337),#406,.T.);
#337 = FACE_BOUND('',#338,.T.);
#338 = EDGE_LOOP('',(#339,#349,#358,#366,#375,#381,#382,#383,#392,#400)
  );
#339 = ORIENTED_EDGE('',*,*,#340,.F.);
#340 = EDGE_CURVE('',#341,#343,#345,.T.);
#341 = VERTEX_POINT('',#342);
#342 = CARTESIAN_POINT('',(0.55,-0.5,3.E-02));
#343 = VERTEX_POINT('',#344);
#344 = CARTESIAN_POINT('',(0.985,-0.5,3.E-02));
#345 = LINE('',#346,#347);
#346 = CARTESIAN_POINT('',(-0.2175,-0.5,3.E-02));
#347 = VECTOR('',#348,1.);
#348 = DIRECTION('',(1.,-2.22044604925E-16,0.));
#349 = ORIENTED_EDGE('',*,*,#350,.T.);
#350 = EDGE_CURVE('',#341,#351,#353,.T.);
#351 = VERTEX_POINT('',#352);
#352 = CARTESIAN_POINT('',(0.58,-0.5,-3.469446951954E-18));
#353 = CIRCLE('',#354,3.E-02);
#354 = AXIS2_PLACEMENT_3D('',#355,#356,#357);
#355 = CARTESIAN_POINT('',(0.58,-0.5,3.E-02));
#356 = DIRECTION('',(-2.22044604925E-16,-1.,0.));
#357 = DIRECTION('',(0.,0.,1.));
#358 = ORIENTED_EDGE('',*,*,#359,.T.);
#359 = EDGE_CURVE('',#351,#360,#362,.T.);
#360 = VERTEX_POINT('',#361);
#361 = CARTESIAN_POINT('',(0.97,-0.5,-3.469446951954E-18));
#362 = LINE('',#363,#364);
#363 = CARTESIAN_POINT('',(0.55,-0.5,0.));
#364 = VECTOR('',#365,1.);
#365 = DIRECTION('',(1.,-2.22044604925E-16,0.));
#366 = ORIENTED_EDGE('',*,*,#367,.F.);
#367 = EDGE_CURVE('',#368,#360,#370,.T.);
#368 = VERTEX_POINT('',#369);
#369 = CARTESIAN_POINT('',(1.,-0.5,3.E-02));
#370 = CIRCLE('',#371,3.E-02);
#371 = AXIS2_PLACEMENT_3D('',#372,#373,#374);
#372 = CARTESIAN_POINT('',(0.97,-0.5,3.E-02));
#373 = DIRECTION('',(2.22044604925E-16,1.,-0.));
#374 = DIRECTION('',(0.,0.,1.));
#375 = ORIENTED_EDGE('',*,*,#376,.T.);
#376 = EDGE_CURVE('',#368,#316,#377,.T.);
#377 = LINE('',#378,#379);
#378 = CARTESIAN_POINT('',(1.,-0.5,0.));
#379 = VECTOR('',#380,1.);
#380 = DIRECTION('',(0.,0.,1.));
#381 = ORIENTED_EDGE('',*,*,#325,.T.);
#382 = ORIENTED_EDGE('',*,*,#92,.F.);
#383 = ORIENTED_EDGE('',*,*,#384,.F.);
#384 = EDGE_CURVE('',#385,#85,#387,.T.);
#385 = VERTEX_POINT('',#386);
#386 = CARTESIAN_POINT('',(0.55,-0.5,0.77));
#387 = CIRCLE('',#388,3.E-02);
#388 = AXIS2_PLACEMENT_3D('',#389,#390,#391);
#389 = CARTESIAN_POINT('',(0.58,-0.5,0.77));
#390 = DIRECTION('',(2.22044604925E-16,1.,-0.));
#391 = DIRECTION('',(0.,0.,1.));
#392 = ORIENTED_EDGE('',*,*,#393,.T.);
#393 = EDGE_CURVE('',#385,#394,#396,.T.);
#394 = VERTEX_POINT('',#395);
#395 = CARTESIAN_POINT('',(0.985,-0.5,0.77));
#396 = LINE('',#397,#398);
#397 = CARTESIAN_POINT('',(-0.2175,-0.5,0.77));
#398 = VECTOR('',#399,1.);
#399 = DIRECTION('',(1.,-2.22044604925E-16,0.));
#400 = ORIENTED_EDGE('',*,*,#401,.T.);
#401 = EDGE_CURVE('',#394,#343,#402,.T.);
#402 = LINE('',#403,#404);
#403 = CARTESIAN_POINT('',(0.985,-0.5,1.5E-02));
#404 = VECTOR('',#405,1.);
#405 = DIRECTION('',(0.,0.,-1.));
#406 = PLANE('',#407);
#407 = AXIS2_PLACEMENT_3D('',#408,#409,#410);
#408 = CARTESIAN_POINT('',(0.55,-0.5,0.));
#409 = DIRECTION('',(-2.22044604925E-16,-1.,0.));
#410 = DIRECTION('',(0.,0.,1.));
#411 = ADVANCED_FACE('',(#412),#423,.T.);
#412 = FACE_BOUND('',#413,.T.);
#413 = EDGE_LOOP('',(#414,#420,#421,#422));
#414 = ORIENTED_EDGE('',*,*,#415,.F.);
#415 = EDGE_CURVE('',#385,#184,#416,.T.);
#416 = LINE('',#417,#418);
#417 = CARTESIAN_POINT('',(0.55,-6.75E-02,0.77));
#418 = VECTOR('',#419,1.);
#419 = DIRECTION('',(2.22044604925E-16,1.,0.));
#420 = ORIENTED_EDGE('',*,*,#384,.T.);
#421 = ORIENTED_EDGE('',*,*,#84,.F.);
#422 = ORIENTED_EDGE('',*,*,#183,.F.);
#423 = CYLINDRICAL_SURFACE('',#424,3.E-02);
#424 = AXIS2_PLACEMENT_3D('',#425,#426,#427);
#425 = CARTESIAN_POINT('',(0.58,0.5,0.77));
#426 = DIRECTION('',(-2.22044604925E-16,-1.,0.));
#427 = DIRECTION('',(-1.,2.22044604925E-16,0.));
#428 = ADVANCED_FACE('',(#429),#509,.F.);
#429 = FACE_BOUND('',#430,.F.);
#430 = EDGE_LOOP('',(#431,#439,#447,#455,#463,#471,#479,#487,#495,#501,
    #502,#508));
#431 = ORIENTED_EDGE('',*,*,#432,.T.);
#432 = EDGE_CURVE('',#134,#433,#435,.T.);
#433 = VERTEX_POINT('',#434);
#434 = CARTESIAN_POINT('',(0.985,0.635,3.E-02));
#435 = LINE('',#436,#437);
#436 = CARTESIAN_POINT('',(0.985,-0.635,3.E-02));
#437 = VECTOR('',#438,1.);
#438 = DIRECTION('',(0.,1.,0.));
#439 = ORIENTED_EDGE('',*,*,#440,.F.);
#440 = EDGE_CURVE('',#441,#433,#443,.T.);
#441 = VERTEX_POINT('',#442);
#442 = CARTESIAN_POINT('',(-0.985,0.635,3.E-02));
#443 = LINE('',#444,#445);
#444 = CARTESIAN_POINT('',(-0.985,0.635,3.E-02));
#445 = VECTOR('',#446,1.);
#446 = DIRECTION('',(1.,0.,0.));
#447 = ORIENTED_EDGE('',*,*,#448,.F.);
#448 = EDGE_CURVE('',#449,#441,#451,.T.);
#449 = VERTEX_POINT('',#450);
#450 = CARTESIAN_POINT('',(-0.985,0.5,3.E-02));
#451 = LINE('',#452,#453);
#452 = CARTESIAN_POINT('',(-0.985,-0.635,3.E-02));
#453 = VECTOR('',#454,1.);
#454 = DIRECTION('',(0.,1.,0.));
#455 = ORIENTED_EDGE('',*,*,#456,.F.);
#456 = EDGE_CURVE('',#457,#449,#459,.T.);
#457 = VERTEX_POINT('',#458);
#458 = CARTESIAN_POINT('',(-0.55,0.5,3.E-02));
#459 = LINE('',#460,#461);
#460 = CARTESIAN_POINT('',(-0.7675,0.5,3.E-02));
#461 = VECTOR('',#462,1.);
#462 = DIRECTION('',(-1.,1.110223024625E-16,0.));
#463 = ORIENTED_EDGE('',*,*,#464,.T.);
#464 = EDGE_CURVE('',#457,#465,#467,.T.);
#465 = VERTEX_POINT('',#466);
#466 = CARTESIAN_POINT('',(-0.55,-0.5,3.E-02));
#467 = LINE('',#468,#469);
#468 = CARTESIAN_POINT('',(-0.55,-0.5675,3.E-02));
#469 = VECTOR('',#470,1.);
#470 = DIRECTION('',(-1.110223024625E-16,-1.,0.));
#471 = ORIENTED_EDGE('',*,*,#472,.T.);
#472 = EDGE_CURVE('',#465,#473,#475,.T.);
#473 = VERTEX_POINT('',#474);
#474 = CARTESIAN_POINT('',(-0.985,-0.5,3.E-02));
#475 = LINE('',#476,#477);
#476 = CARTESIAN_POINT('',(-0.7675,-0.5,3.E-02));
#477 = VECTOR('',#478,1.);
#478 = DIRECTION('',(-1.,1.110223024625E-16,0.));
#479 = ORIENTED_EDGE('',*,*,#480,.F.);
#480 = EDGE_CURVE('',#481,#473,#483,.T.);
#481 = VERTEX_POINT('',#482);
#482 = CARTESIAN_POINT('',(-0.985,-0.635,3.E-02));
#483 = LINE('',#484,#485);
#484 = CARTESIAN_POINT('',(-0.985,-0.635,3.E-02));
#485 = VECTOR('',#486,1.);
#486 = DIRECTION('',(0.,1.,0.));
#487 = ORIENTED_EDGE('',*,*,#488,.T.);
#488 = EDGE_CURVE('',#481,#489,#491,.T.);
#489 = VERTEX_POINT('',#490);
#490 = CARTESIAN_POINT('',(0.985,-0.635,3.E-02));
#491 = LINE('',#492,#493);
#492 = CARTESIAN_POINT('',(-0.985,-0.635,3.E-02));
#493 = VECTOR('',#494,1.);
#494 = DIRECTION('',(1.,0.,0.));
#495 = ORIENTED_EDGE('',*,*,#496,.T.);
#496 = EDGE_CURVE('',#489,#343,#497,.T.);
#497 = LINE('',#498,#499);
#498 = CARTESIAN_POINT('',(0.985,-0.635,3.E-02));
#499 = VECTOR('',#500,1.);
#500 = DIRECTION('',(0.,1.,0.));
#501 = ORIENTED_EDGE('',*,*,#340,.F.);
#502 = ORIENTED_EDGE('',*,*,#503,.T.);
#503 = EDGE_CURVE('',#341,#132,#504,.T.);
#504 = LINE('',#505,#506);
#505 = CARTESIAN_POINT('',(0.55,-6.75E-02,3.E-02));
#506 = VECTOR('',#507,1.);
#507 = DIRECTION('',(2.22044604925E-16,1.,0.));
#508 = ORIENTED_EDGE('',*,*,#131,.T.);
#509 = PLANE('',#510);
#510 = AXIS2_PLACEMENT_3D('',#511,#512,#513);
#511 = CARTESIAN_POINT('',(-0.985,-0.635,3.E-02));
#512 = DIRECTION('',(0.,0.,1.));
#513 = DIRECTION('',(1.,0.,-0.));
#514 = ADVANCED_FACE('',(#515),#533,.T.);
#515 = FACE_BOUND('',#516,.T.);
#516 = EDGE_LOOP('',(#517,#525,#526,#527));
#517 = ORIENTED_EDGE('',*,*,#518,.F.);
#518 = EDGE_CURVE('',#193,#519,#521,.T.);
#519 = VERTEX_POINT('',#520);
#520 = CARTESIAN_POINT('',(0.985,0.635,0.77));
#521 = LINE('',#522,#523);
#522 = CARTESIAN_POINT('',(0.985,-0.635,0.77));
#523 = VECTOR('',#524,1.);
#524 = DIRECTION('',(0.,1.,0.));
#525 = ORIENTED_EDGE('',*,*,#200,.T.);
#526 = ORIENTED_EDGE('',*,*,#432,.T.);
#527 = ORIENTED_EDGE('',*,*,#528,.T.);
#528 = EDGE_CURVE('',#433,#519,#529,.T.);
#529 = LINE('',#530,#531);
#530 = CARTESIAN_POINT('',(0.985,0.635,3.E-02));
#531 = VECTOR('',#532,1.);
#532 = DIRECTION('',(0.,0.,1.));
#533 = PLANE('',#534);
#534 = AXIS2_PLACEMENT_3D('',#535,#536,#537);
#535 = CARTESIAN_POINT('',(0.985,-0.635,3.E-02));
#536 = DIRECTION('',(1.,0.,0.));
#537 = DIRECTION('',(0.,0.,1.));
#538 = ADVANCED_FACE('',(#539,#607),#641,.T.);
#539 = FACE_BOUND('',#540,.T.);
#540 = EDGE_LOOP('',(#541,#542,#550,#558,#566,#574,#582,#590,#598,#604,
    #605,#606));
#541 = ORIENTED_EDGE('',*,*,#518,.T.);
#542 = ORIENTED_EDGE('',*,*,#543,.F.);
#543 = EDGE_CURVE('',#544,#519,#546,.T.);
#544 = VERTEX_POINT('',#545);
#545 = CARTESIAN_POINT('',(-0.985,0.635,0.77));
#546 = LINE('',#547,#548);
#547 = CARTESIAN_POINT('',(-0.985,0.635,0.77));
#548 = VECTOR('',#549,1.);
#549 = DIRECTION('',(1.,0.,0.));
#550 = ORIENTED_EDGE('',*,*,#551,.F.);
#551 = EDGE_CURVE('',#552,#544,#554,.T.);
#552 = VERTEX_POINT('',#553);
#553 = CARTESIAN_POINT('',(-0.985,0.5,0.77));
#554 = LINE('',#555,#556);
#555 = CARTESIAN_POINT('',(-0.985,-0.635,0.77));
#556 = VECTOR('',#557,1.);
#557 = DIRECTION('',(0.,1.,0.));
#558 = ORIENTED_EDGE('',*,*,#559,.F.);
#559 = EDGE_CURVE('',#560,#552,#562,.T.);
#560 = VERTEX_POINT('',#561);
#561 = CARTESIAN_POINT('',(-0.55,0.5,0.77));
#562 = LINE('',#563,#564);
#563 = CARTESIAN_POINT('',(-0.7675,0.5,0.77));
#564 = VECTOR('',#565,1.);
#565 = DIRECTION('',(-1.,1.110223024625E-16,0.));
#566 = ORIENTED_EDGE('',*,*,#567,.T.);
#567 = EDGE_CURVE('',#560,#568,#570,.T.);
#568 = VERTEX_POINT('',#569);
#569 = CARTESIAN_POINT('',(-0.55,-0.5,0.77));
#570 = LINE('',#571,#572);
#571 = CARTESIAN_POINT('',(-0.55,-0.5675,0.77));
#572 = VECTOR('',#573,1.);
#573 = DIRECTION('',(-1.110223024625E-16,-1.,0.));
#574 = ORIENTED_EDGE('',*,*,#575,.T.);
#575 = EDGE_CURVE('',#568,#576,#578,.T.);
#576 = VERTEX_POINT('',#577);
#577 = CARTESIAN_POINT('',(-0.985,-0.5,0.77));
#578 = LINE('',#579,#580);
#579 = CARTESIAN_POINT('',(-0.7675,-0.5,0.77));
#580 = VECTOR('',#581,1.);
#581 = DIRECTION('',(-1.,1.110223024625E-16,0.));
#582 = ORIENTED_EDGE('',*,*,#583,.F.);
#583 = EDGE_CURVE('',#584,#576,#586,.T.);
#584 = VERTEX_POINT('',#585);
#585 = CARTESIAN_POINT('',(-0.985,-0.635,0.77));
#586 = LINE('',#587,#588);
#587 = CARTESIAN_POINT('',(-0.985,-0.635,0.77));
#588 = VECTOR('',#589,1.);
#589 = DIRECTION('',(0.,1.,0.));
#590 = ORIENTED_EDGE('',*,*,#591,.T.);
#591 = EDGE_CURVE('',#584,#592,#594,.T.);
#592 = VERTEX_POINT('',#593);
#593 = CARTESIAN_POINT('',(0.985,-0.635,0.77));
#594 = LINE('',#595,#596);
#595 = CARTESIAN_POINT('',(-0.985,-0.635,0.77));
#596 = VECTOR('',#597,1.);
#597 = DIRECTION('',(1.,0.,0.));
#598 = ORIENTED_EDGE('',*,*,#599,.T.);
#599 = EDGE_CURVE('',#592,#394,#600,.T.);
#600 = LINE('',#601,#602);
#601 = CARTESIAN_POINT('',(0.985,-0.635,0.77));
#602 = VECTOR('',#603,1.);
#603 = DIRECTION('',(0.,1.,0.));
#604 = ORIENTED_EDGE('',*,*,#393,.F.);
#605 = ORIENTED_EDGE('',*,*,#415,.T.);
#606 = ORIENTED_EDGE('',*,*,#192,.T.);
#607 = FACE_BOUND('',#608,.T.);
#608 = EDGE_LOOP('',(#609,#619,#627,#635));
#609 = ORIENTED_EDGE('',*,*,#610,.F.);
#610 = EDGE_CURVE('',#611,#613,#615,.T.);
#611 = VERTEX_POINT('',#612);
#612 = CARTESIAN_POINT('',(-0.355,-0.59,0.77));
#613 = VERTEX_POINT('',#614);
#614 = CARTESIAN_POINT('',(-0.355,0.59,0.77));
#615 = LINE('',#616,#617);
#616 = CARTESIAN_POINT('',(-0.355,-0.6125,0.77));
#617 = VECTOR('',#618,1.);
#618 = DIRECTION('',(0.,1.,0.));
#619 = ORIENTED_EDGE('',*,*,#620,.T.);
#620 = EDGE_CURVE('',#611,#621,#623,.T.);
#621 = VERTEX_POINT('',#622);
#622 = CARTESIAN_POINT('',(-0.505,-0.59,0.77));
#623 = LINE('',#624,#625);
#624 = CARTESIAN_POINT('',(-0.745,-0.59,0.77));
#625 = VECTOR('',#626,1.);
#626 = DIRECTION('',(-1.,0.,0.));
#627 = ORIENTED_EDGE('',*,*,#628,.T.);
#628 = EDGE_CURVE('',#621,#629,#631,.T.);
#629 = VERTEX_POINT('',#630);
#630 = CARTESIAN_POINT('',(-0.505,0.59,0.77));
#631 = LINE('',#632,#633);
#632 = CARTESIAN_POINT('',(-0.505,-0.6125,0.77));
#633 = VECTOR('',#634,1.);
#634 = DIRECTION('',(0.,1.,0.));
#635 = ORIENTED_EDGE('',*,*,#636,.F.);
#636 = EDGE_CURVE('',#613,#629,#637,.T.);
#637 = LINE('',#638,#639);
#638 = CARTESIAN_POINT('',(-0.745,0.59,0.77));
#639 = VECTOR('',#640,1.);
#640 = DIRECTION('',(-1.,0.,0.));
#641 = PLANE('',#642);
#642 = AXIS2_PLACEMENT_3D('',#643,#644,#645);
#643 = CARTESIAN_POINT('',(-0.985,-0.635,0.77));
#644 = DIRECTION('',(0.,0.,1.));
#645 = DIRECTION('',(1.,0.,-0.));
#646 = ADVANCED_FACE('',(#647),#658,.T.);
#647 = FACE_BOUND('',#648,.T.);
#648 = EDGE_LOOP('',(#649,#650,#656,#657));
#649 = ORIENTED_EDGE('',*,*,#266,.F.);
#650 = ORIENTED_EDGE('',*,*,#651,.F.);
#651 = EDGE_CURVE('',#159,#267,#652,.T.);
#652 = LINE('',#653,#654);
#653 = CARTESIAN_POINT('',(1.,0.5,3.E-02));
#654 = VECTOR('',#655,1.);
#655 = DIRECTION('',(-2.22044604925E-16,-1.,0.));
#656 = ORIENTED_EDGE('',*,*,#167,.T.);
#657 = ORIENTED_EDGE('',*,*,#214,.T.);
#658 = PLANE('',#659);
#659 = AXIS2_PLACEMENT_3D('',#660,#661,#662);
#660 = CARTESIAN_POINT('',(1.,0.5,0.));
#661 = DIRECTION('',(1.,-2.22044604925E-16,0.));
#662 = DIRECTION('',(0.,0.,1.));
#663 = ADVANCED_FACE('',(#664),#675,.T.);
#664 = FACE_BOUND('',#665,.T.);
#665 = EDGE_LOOP('',(#666,#667,#673,#674));
#666 = ORIENTED_EDGE('',*,*,#274,.T.);
#667 = ORIENTED_EDGE('',*,*,#668,.F.);
#668 = EDGE_CURVE('',#151,#275,#669,.T.);
#669 = LINE('',#670,#671);
#670 = CARTESIAN_POINT('',(0.97,0.5,-3.469446951954E-18));
#671 = VECTOR('',#672,1.);
#672 = DIRECTION('',(-2.22044604925E-16,-1.,0.));
#673 = ORIENTED_EDGE('',*,*,#158,.F.);
#674 = ORIENTED_EDGE('',*,*,#651,.T.);
#675 = CYLINDRICAL_SURFACE('',#676,3.E-02);
#676 = AXIS2_PLACEMENT_3D('',#677,#678,#679);
#677 = CARTESIAN_POINT('',(0.97,0.5,3.E-02));
#678 = DIRECTION('',(-2.22044604925E-16,-1.,0.));
#679 = DIRECTION('',(1.,-2.22044604925E-16,0.));
#680 = ADVANCED_FACE('',(#681),#699,.F.);
#681 = FACE_BOUND('',#682,.F.);
#682 = EDGE_LOOP('',(#683,#684,#690,#691,#697,#698));
#683 = ORIENTED_EDGE('',*,*,#150,.F.);
#684 = ORIENTED_EDGE('',*,*,#685,.T.);
#685 = EDGE_CURVE('',#142,#351,#686,.T.);
#686 = LINE('',#687,#688);
#687 = CARTESIAN_POINT('',(0.58,0.5,-3.469446951954E-18));
#688 = VECTOR('',#689,1.);
#689 = DIRECTION('',(-2.22044604925E-16,-1.,0.));
#690 = ORIENTED_EDGE('',*,*,#359,.T.);
#691 = ORIENTED_EDGE('',*,*,#692,.F.);
#692 = EDGE_CURVE('',#288,#360,#693,.T.);
#693 = LINE('',#694,#695);
#694 = CARTESIAN_POINT('',(0.97,0.5,-3.469446951954E-18));
#695 = VECTOR('',#696,1.);
#696 = DIRECTION('',(-2.22044604925E-16,-1.,0.));
#697 = ORIENTED_EDGE('',*,*,#287,.F.);
#698 = ORIENTED_EDGE('',*,*,#668,.F.);
#699 = PLANE('',#700);
#700 = AXIS2_PLACEMENT_3D('',#701,#702,#703);
#701 = CARTESIAN_POINT('',(0.55,0.5,0.));
#702 = DIRECTION('',(0.,0.,1.));
#703 = DIRECTION('',(-2.22044604925E-16,-1.,0.));
#704 = ADVANCED_FACE('',(#705),#711,.T.);
#705 = FACE_BOUND('',#706,.T.);
#706 = EDGE_LOOP('',(#707,#708,#709,#710));
#707 = ORIENTED_EDGE('',*,*,#141,.T.);
#708 = ORIENTED_EDGE('',*,*,#685,.T.);
#709 = ORIENTED_EDGE('',*,*,#350,.F.);
#710 = ORIENTED_EDGE('',*,*,#503,.T.);
#711 = CYLINDRICAL_SURFACE('',#712,3.E-02);
#712 = AXIS2_PLACEMENT_3D('',#713,#714,#715);
#713 = CARTESIAN_POINT('',(0.58,0.5,3.E-02));
#714 = DIRECTION('',(-2.22044604925E-16,-1.,0.));
#715 = DIRECTION('',(-1.,2.22044604925E-16,0.));
#716 = ADVANCED_FACE('',(#717),#728,.T.);
#717 = FACE_BOUND('',#718,.T.);
#718 = EDGE_LOOP('',(#719,#720,#726,#727));
#719 = ORIENTED_EDGE('',*,*,#376,.F.);
#720 = ORIENTED_EDGE('',*,*,#721,.F.);
#721 = EDGE_CURVE('',#244,#368,#722,.T.);
#722 = LINE('',#723,#724);
#723 = CARTESIAN_POINT('',(1.,0.5,3.E-02));
#724 = VECTOR('',#725,1.);
#725 = DIRECTION('',(-2.22044604925E-16,-1.,0.));
#726 = ORIENTED_EDGE('',*,*,#243,.T.);
#727 = ORIENTED_EDGE('',*,*,#315,.T.);
#728 = PLANE('',#729);
#729 = AXIS2_PLACEMENT_3D('',#730,#731,#732);
#730 = CARTESIAN_POINT('',(1.,0.5,0.));
#731 = DIRECTION('',(1.,-2.22044604925E-16,0.));
#732 = DIRECTION('',(0.,0.,1.));
#733 = ADVANCED_FACE('',(#734),#740,.T.);
#734 = FACE_BOUND('',#735,.T.);
#735 = EDGE_LOOP('',(#736,#737,#738,#739));
#736 = ORIENTED_EDGE('',*,*,#367,.T.);
#737 = ORIENTED_EDGE('',*,*,#692,.F.);
#738 = ORIENTED_EDGE('',*,*,#296,.F.);
#739 = ORIENTED_EDGE('',*,*,#721,.T.);
#740 = CYLINDRICAL_SURFACE('',#741,3.E-02);
#741 = AXIS2_PLACEMENT_3D('',#742,#743,#744);
#742 = CARTESIAN_POINT('',(0.97,0.5,3.E-02));
#743 = DIRECTION('',(-2.22044604925E-16,-1.,0.));
#744 = DIRECTION('',(1.,-2.22044604925E-16,0.));
#745 = ADVANCED_FACE('',(#746),#757,.T.);
#746 = FACE_BOUND('',#747,.T.);
#747 = EDGE_LOOP('',(#748,#749,#755,#756));
#748 = ORIENTED_EDGE('',*,*,#599,.F.);
#749 = ORIENTED_EDGE('',*,*,#750,.F.);
#750 = EDGE_CURVE('',#489,#592,#751,.T.);
#751 = LINE('',#752,#753);
#752 = CARTESIAN_POINT('',(0.985,-0.635,3.E-02));
#753 = VECTOR('',#754,1.);
#754 = DIRECTION('',(0.,0.,1.));
#755 = ORIENTED_EDGE('',*,*,#496,.T.);
#756 = ORIENTED_EDGE('',*,*,#401,.F.);
#757 = PLANE('',#758);
#758 = AXIS2_PLACEMENT_3D('',#759,#760,#761);
#759 = CARTESIAN_POINT('',(0.985,-0.635,3.E-02));
#760 = DIRECTION('',(1.,0.,0.));
#761 = DIRECTION('',(0.,0.,1.));
#762 = ADVANCED_FACE('',(#763),#774,.T.);
#763 = FACE_BOUND('',#764,.T.);
#764 = EDGE_LOOP('',(#765,#766,#772,#773));
#765 = ORIENTED_EDGE('',*,*,#440,.F.);
#766 = ORIENTED_EDGE('',*,*,#767,.T.);
#767 = EDGE_CURVE('',#441,#544,#768,.T.);
#768 = LINE('',#769,#770);
#769 = CARTESIAN_POINT('',(-0.985,0.635,3.E-02));
#770 = VECTOR('',#771,1.);
#771 = DIRECTION('',(0.,0.,1.));
#772 = ORIENTED_EDGE('',*,*,#543,.T.);
#773 = ORIENTED_EDGE('',*,*,#528,.F.);
#774 = PLANE('',#775);
#775 = AXIS2_PLACEMENT_3D('',#776,#777,#778);
#776 = CARTESIAN_POINT('',(-0.985,0.635,3.E-02));
#777 = DIRECTION('',(0.,1.,0.));
#778 = DIRECTION('',(0.,-0.,1.));
#779 = ADVANCED_FACE('',(#780),#791,.F.);
#780 = FACE_BOUND('',#781,.F.);
#781 = EDGE_LOOP('',(#782,#783,#789,#790));
#782 = ORIENTED_EDGE('',*,*,#551,.F.);
#783 = ORIENTED_EDGE('',*,*,#784,.F.);
#784 = EDGE_CURVE('',#449,#552,#785,.T.);
#785 = LINE('',#786,#787);
#786 = CARTESIAN_POINT('',(-0.985,0.5,1.5E-02));
#787 = VECTOR('',#788,1.);
#788 = DIRECTION('',(0.,0.,1.));
#789 = ORIENTED_EDGE('',*,*,#448,.T.);
#790 = ORIENTED_EDGE('',*,*,#767,.T.);
#791 = PLANE('',#792);
#792 = AXIS2_PLACEMENT_3D('',#793,#794,#795);
#793 = CARTESIAN_POINT('',(-0.985,-0.635,3.E-02));
#794 = DIRECTION('',(1.,0.,0.));
#795 = DIRECTION('',(0.,0.,1.));
#796 = ADVANCED_FACE('',(#797),#860,.T.);
#797 = FACE_BOUND('',#798,.T.);
#798 = EDGE_LOOP('',(#799,#800,#809,#817,#826,#834,#843,#851,#858,#859)
  );
#799 = ORIENTED_EDGE('',*,*,#456,.F.);
#800 = ORIENTED_EDGE('',*,*,#801,.T.);
#801 = EDGE_CURVE('',#457,#802,#804,.T.);
#802 = VERTEX_POINT('',#803);
#803 = CARTESIAN_POINT('',(-0.58,0.5,-3.469446951954E-18));
#804 = CIRCLE('',#805,3.E-02);
#805 = AXIS2_PLACEMENT_3D('',#806,#807,#808);
#806 = CARTESIAN_POINT('',(-0.58,0.5,3.E-02));
#807 = DIRECTION('',(1.110223024625E-16,1.,-0.));
#808 = DIRECTION('',(0.,0.,1.));
#809 = ORIENTED_EDGE('',*,*,#810,.T.);
#810 = EDGE_CURVE('',#802,#811,#813,.T.);
#811 = VERTEX_POINT('',#812);
#812 = CARTESIAN_POINT('',(-0.97,0.5,-3.469446951954E-18));
#813 = LINE('',#814,#815);
#814 = CARTESIAN_POINT('',(-0.55,0.5,0.));
#815 = VECTOR('',#816,1.);
#816 = DIRECTION('',(-1.,1.110223024625E-16,0.));
#817 = ORIENTED_EDGE('',*,*,#818,.F.);
#818 = EDGE_CURVE('',#819,#811,#821,.T.);
#819 = VERTEX_POINT('',#820);
#820 = CARTESIAN_POINT('',(-1.,0.5,3.E-02));
#821 = CIRCLE('',#822,3.E-02);
#822 = AXIS2_PLACEMENT_3D('',#823,#824,#825);
#823 = CARTESIAN_POINT('',(-0.97,0.5,3.E-02));
#824 = DIRECTION('',(-1.110223024625E-16,-1.,0.));
#825 = DIRECTION('',(0.,0.,1.));
#826 = ORIENTED_EDGE('',*,*,#827,.T.);
#827 = EDGE_CURVE('',#819,#828,#830,.T.);
#828 = VERTEX_POINT('',#829);
#829 = CARTESIAN_POINT('',(-1.,0.5,0.77));
#830 = LINE('',#831,#832);
#831 = CARTESIAN_POINT('',(-1.,0.5,0.));
#832 = VECTOR('',#833,1.);
#833 = DIRECTION('',(0.,0.,1.));
#834 = ORIENTED_EDGE('',*,*,#835,.T.);
#835 = EDGE_CURVE('',#828,#836,#838,.T.);
#836 = VERTEX_POINT('',#837);
#837 = CARTESIAN_POINT('',(-0.97,0.5,0.8));
#838 = CIRCLE('',#839,3.E-02);
#839 = AXIS2_PLACEMENT_3D('',#840,#841,#842);
#840 = CARTESIAN_POINT('',(-0.97,0.5,0.77));
#841 = DIRECTION('',(1.110223024625E-16,1.,-0.));
#842 = DIRECTION('',(0.,0.,1.));
#843 = ORIENTED_EDGE('',*,*,#844,.F.);
#844 = EDGE_CURVE('',#845,#836,#847,.T.);
#845 = VERTEX_POINT('',#846);
#846 = CARTESIAN_POINT('',(-0.58,0.5,0.8));
#847 = LINE('',#848,#849);
#848 = CARTESIAN_POINT('',(-0.55,0.5,0.8));
#849 = VECTOR('',#850,1.);
#850 = DIRECTION('',(-1.,1.110223024625E-16,0.));
#851 = ORIENTED_EDGE('',*,*,#852,.F.);
#852 = EDGE_CURVE('',#560,#845,#853,.T.);
#853 = CIRCLE('',#854,3.E-02);
#854 = AXIS2_PLACEMENT_3D('',#855,#856,#857);
#855 = CARTESIAN_POINT('',(-0.58,0.5,0.77));
#856 = DIRECTION('',(-1.110223024625E-16,-1.,0.));
#857 = DIRECTION('',(0.,0.,1.));
#858 = ORIENTED_EDGE('',*,*,#559,.T.);
#859 = ORIENTED_EDGE('',*,*,#784,.F.);
#860 = PLANE('',#861);
#861 = AXIS2_PLACEMENT_3D('',#862,#863,#864);
#862 = CARTESIAN_POINT('',(-0.55,0.5,0.));
#863 = DIRECTION('',(1.110223024625E-16,1.,0.));
#864 = DIRECTION('',(0.,-0.,1.));
#865 = ADVANCED_FACE('',(#866),#885,.T.);
#866 = FACE_BOUND('',#867,.T.);
#867 = EDGE_LOOP('',(#868,#877,#883,#884));
#868 = ORIENTED_EDGE('',*,*,#869,.T.);
#869 = EDGE_CURVE('',#465,#870,#872,.T.);
#870 = VERTEX_POINT('',#871);
#871 = CARTESIAN_POINT('',(-0.58,-0.5,-3.469446951954E-18));
#872 = CIRCLE('',#873,3.E-02);
#873 = AXIS2_PLACEMENT_3D('',#874,#875,#876);
#874 = CARTESIAN_POINT('',(-0.58,-0.5,3.E-02));
#875 = DIRECTION('',(1.110223024625E-16,1.,-0.));
#876 = DIRECTION('',(0.,0.,1.));
#877 = ORIENTED_EDGE('',*,*,#878,.T.);
#878 = EDGE_CURVE('',#870,#802,#879,.T.);
#879 = LINE('',#880,#881);
#880 = CARTESIAN_POINT('',(-0.58,-0.5,-3.469446951954E-18));
#881 = VECTOR('',#882,1.);
#882 = DIRECTION('',(1.110223024625E-16,1.,0.));
#883 = ORIENTED_EDGE('',*,*,#801,.F.);
#884 = ORIENTED_EDGE('',*,*,#464,.T.);
#885 = CYLINDRICAL_SURFACE('',#886,3.E-02);
#886 = AXIS2_PLACEMENT_3D('',#887,#888,#889);
#887 = CARTESIAN_POINT('',(-0.58,-0.5,3.E-02));
#888 = DIRECTION('',(1.110223024625E-16,1.,0.));
#889 = DIRECTION('',(1.,-1.110223024625E-16,0.));
#890 = ADVANCED_FACE('',(#891),#902,.F.);
#891 = FACE_BOUND('',#892,.F.);
#892 = EDGE_LOOP('',(#893,#894,#900,#901));
#893 = ORIENTED_EDGE('',*,*,#488,.F.);
#894 = ORIENTED_EDGE('',*,*,#895,.T.);
#895 = EDGE_CURVE('',#481,#584,#896,.T.);
#896 = LINE('',#897,#898);
#897 = CARTESIAN_POINT('',(-0.985,-0.635,3.E-02));
#898 = VECTOR('',#899,1.);
#899 = DIRECTION('',(0.,0.,1.));
#900 = ORIENTED_EDGE('',*,*,#591,.T.);
#901 = ORIENTED_EDGE('',*,*,#750,.F.);
#902 = PLANE('',#903);
#903 = AXIS2_PLACEMENT_3D('',#904,#905,#906);
#904 = CARTESIAN_POINT('',(-0.985,-0.635,3.E-02));
#905 = DIRECTION('',(0.,1.,0.));
#906 = DIRECTION('',(0.,-0.,1.));
#907 = ADVANCED_FACE('',(#908),#968,.F.);
#908 = FACE_BOUND('',#909,.F.);
#909 = EDGE_LOOP('',(#910,#911,#912,#920,#929,#937,#946,#954,#961,#962)
  );
#910 = ORIENTED_EDGE('',*,*,#472,.F.);
#911 = ORIENTED_EDGE('',*,*,#869,.T.);
#912 = ORIENTED_EDGE('',*,*,#913,.T.);
#913 = EDGE_CURVE('',#870,#914,#916,.T.);
#914 = VERTEX_POINT('',#915);
#915 = CARTESIAN_POINT('',(-0.97,-0.5,-3.469446951954E-18));
#916 = LINE('',#917,#918);
#917 = CARTESIAN_POINT('',(-0.55,-0.5,0.));
#918 = VECTOR('',#919,1.);
#919 = DIRECTION('',(-1.,1.110223024625E-16,0.));
#920 = ORIENTED_EDGE('',*,*,#921,.F.);
#921 = EDGE_CURVE('',#922,#914,#924,.T.);
#922 = VERTEX_POINT('',#923);
#923 = CARTESIAN_POINT('',(-1.,-0.5,3.E-02));
#924 = CIRCLE('',#925,3.E-02);
#925 = AXIS2_PLACEMENT_3D('',#926,#927,#928);
#926 = CARTESIAN_POINT('',(-0.97,-0.5,3.E-02));
#927 = DIRECTION('',(-1.110223024625E-16,-1.,0.));
#928 = DIRECTION('',(0.,0.,1.));
#929 = ORIENTED_EDGE('',*,*,#930,.T.);
#930 = EDGE_CURVE('',#922,#931,#933,.T.);
#931 = VERTEX_POINT('',#932);
#932 = CARTESIAN_POINT('',(-1.,-0.5,0.77));
#933 = LINE('',#934,#935);
#934 = CARTESIAN_POINT('',(-1.,-0.5,0.));
#935 = VECTOR('',#936,1.);
#936 = DIRECTION('',(0.,0.,1.));
#937 = ORIENTED_EDGE('',*,*,#938,.T.);
#938 = EDGE_CURVE('',#931,#939,#941,.T.);
#939 = VERTEX_POINT('',#940);
#940 = CARTESIAN_POINT('',(-0.97,-0.5,0.8));
#941 = CIRCLE('',#942,3.E-02);
#942 = AXIS2_PLACEMENT_3D('',#943,#944,#945);
#943 = CARTESIAN_POINT('',(-0.97,-0.5,0.77));
#944 = DIRECTION('',(1.110223024625E-16,1.,-0.));
#945 = DIRECTION('',(0.,0.,1.));
#946 = ORIENTED_EDGE('',*,*,#947,.F.);
#947 = EDGE_CURVE('',#948,#939,#950,.T.);
#948 = VERTEX_POINT('',#949);
#949 = CARTESIAN_POINT('',(-0.58,-0.5,0.8));
#950 = LINE('',#951,#952);
#951 = CARTESIAN_POINT('',(-0.55,-0.5,0.8));
#952 = VECTOR('',#953,1.);
#953 = DIRECTION('',(-1.,1.110223024625E-16,0.));
#954 = ORIENTED_EDGE('',*,*,#955,.F.);
#955 = EDGE_CURVE('',#568,#948,#956,.T.);
#956 = CIRCLE('',#957,3.E-02);
#957 = AXIS2_PLACEMENT_3D('',#958,#959,#960);
#958 = CARTESIAN_POINT('',(-0.58,-0.5,0.77));
#959 = DIRECTION('',(-1.110223024625E-16,-1.,0.));
#960 = DIRECTION('',(0.,0.,1.));
#961 = ORIENTED_EDGE('',*,*,#575,.T.);
#962 = ORIENTED_EDGE('',*,*,#963,.F.);
#963 = EDGE_CURVE('',#473,#576,#964,.T.);
#964 = LINE('',#965,#966);
#965 = CARTESIAN_POINT('',(-0.985,-0.5,1.5E-02));
#966 = VECTOR('',#967,1.);
#967 = DIRECTION('',(0.,0.,1.));
#968 = PLANE('',#969);
#969 = AXIS2_PLACEMENT_3D('',#970,#971,#972);
#970 = CARTESIAN_POINT('',(-0.55,-0.5,0.));
#971 = DIRECTION('',(1.110223024625E-16,1.,0.));
#972 = DIRECTION('',(0.,-0.,1.));
#973 = ADVANCED_FACE('',(#974),#980,.F.);
#974 = FACE_BOUND('',#975,.F.);
#975 = EDGE_LOOP('',(#976,#977,#978,#979));
#976 = ORIENTED_EDGE('',*,*,#583,.F.);
#977 = ORIENTED_EDGE('',*,*,#895,.F.);
#978 = ORIENTED_EDGE('',*,*,#480,.T.);
#979 = ORIENTED_EDGE('',*,*,#963,.T.);
#980 = PLANE('',#981);
#981 = AXIS2_PLACEMENT_3D('',#982,#983,#984);
#982 = CARTESIAN_POINT('',(-0.985,-0.635,3.E-02));
#983 = DIRECTION('',(1.,0.,0.));
#984 = DIRECTION('',(0.,0.,1.));
#985 = ADVANCED_FACE('',(#986),#997,.T.);
#986 = FACE_BOUND('',#987,.T.);
#987 = EDGE_LOOP('',(#988,#989,#990,#996));
#988 = ORIENTED_EDGE('',*,*,#567,.F.);
#989 = ORIENTED_EDGE('',*,*,#852,.T.);
#990 = ORIENTED_EDGE('',*,*,#991,.F.);
#991 = EDGE_CURVE('',#948,#845,#992,.T.);
#992 = LINE('',#993,#994);
#993 = CARTESIAN_POINT('',(-0.58,-0.5,0.8));
#994 = VECTOR('',#995,1.);
#995 = DIRECTION('',(1.110223024625E-16,1.,0.));
#996 = ORIENTED_EDGE('',*,*,#955,.F.);
#997 = CYLINDRICAL_SURFACE('',#998,3.E-02);
#998 = AXIS2_PLACEMENT_3D('',#999,#1000,#1001);
#999 = CARTESIAN_POINT('',(-0.58,-0.5,0.77));
#1000 = DIRECTION('',(1.110223024625E-16,1.,0.));
#1001 = DIRECTION('',(1.,-1.110223024625E-16,0.));
#1002 = ADVANCED_FACE('',(#1003),#1028,.F.);
#1003 = FACE_BOUND('',#1004,.F.);
#1004 = EDGE_LOOP('',(#1005,#1013,#1021,#1027));
#1005 = ORIENTED_EDGE('',*,*,#1006,.F.);
#1006 = EDGE_CURVE('',#1007,#611,#1009,.T.);
#1007 = VERTEX_POINT('',#1008);
#1008 = CARTESIAN_POINT('',(-0.355,-0.59,0.76));
#1009 = LINE('',#1010,#1011);
#1010 = CARTESIAN_POINT('',(-0.355,-0.59,0.76));
#1011 = VECTOR('',#1012,1.);
#1012 = DIRECTION('',(0.,0.,1.));
#1013 = ORIENTED_EDGE('',*,*,#1014,.T.);
#1014 = EDGE_CURVE('',#1007,#1015,#1017,.T.);
#1015 = VERTEX_POINT('',#1016);
#1016 = CARTESIAN_POINT('',(-0.355,0.59,0.76));
#1017 = LINE('',#1018,#1019);
#1018 = CARTESIAN_POINT('',(-0.355,-0.59,0.76));
#1019 = VECTOR('',#1020,1.);
#1020 = DIRECTION('',(0.,1.,0.));
#1021 = ORIENTED_EDGE('',*,*,#1022,.T.);
#1022 = EDGE_CURVE('',#1015,#613,#1023,.T.);
#1023 = LINE('',#1024,#1025);
#1024 = CARTESIAN_POINT('',(-0.355,0.59,0.76));
#1025 = VECTOR('',#1026,1.);
#1026 = DIRECTION('',(0.,0.,1.));
#1027 = ORIENTED_EDGE('',*,*,#610,.F.);
#1028 = PLANE('',#1029);
#1029 = AXIS2_PLACEMENT_3D('',#1030,#1031,#1032);
#1030 = CARTESIAN_POINT('',(-0.355,-0.59,0.76));
#1031 = DIRECTION('',(1.,0.,0.));
#1032 = DIRECTION('',(0.,0.,1.));
#1033 = ADVANCED_FACE('',(#1034),#1052,.T.);
#1034 = FACE_BOUND('',#1035,.T.);
#1035 = EDGE_LOOP('',(#1036,#1037,#1045,#1051));
#1036 = ORIENTED_EDGE('',*,*,#1006,.F.);
#1037 = ORIENTED_EDGE('',*,*,#1038,.F.);
#1038 = EDGE_CURVE('',#1039,#1007,#1041,.T.);
#1039 = VERTEX_POINT('',#1040);
#1040 = CARTESIAN_POINT('',(-0.505,-0.59,0.76));
#1041 = LINE('',#1042,#1043);
#1042 = CARTESIAN_POINT('',(-0.505,-0.59,0.76));
#1043 = VECTOR('',#1044,1.);
#1044 = DIRECTION('',(1.,0.,0.));
#1045 = ORIENTED_EDGE('',*,*,#1046,.T.);
#1046 = EDGE_CURVE('',#1039,#621,#1047,.T.);
#1047 = LINE('',#1048,#1049);
#1048 = CARTESIAN_POINT('',(-0.505,-0.59,0.76));
#1049 = VECTOR('',#1050,1.);
#1050 = DIRECTION('',(0.,0.,1.));
#1051 = ORIENTED_EDGE('',*,*,#620,.F.);
#1052 = PLANE('',#1053);
#1053 = AXIS2_PLACEMENT_3D('',#1054,#1055,#1056);
#1054 = CARTESIAN_POINT('',(-0.505,-0.59,0.76));
#1055 = DIRECTION('',(0.,1.,0.));
#1056 = DIRECTION('',(0.,-0.,1.));
#1057 = ADVANCED_FACE('',(#1058),#1076,.F.);
#1058 = FACE_BOUND('',#1059,.F.);
#1059 = EDGE_LOOP('',(#1060,#1061,#1069,#1075));
#1060 = ORIENTED_EDGE('',*,*,#1022,.F.);
#1061 = ORIENTED_EDGE('',*,*,#1062,.F.);
#1062 = EDGE_CURVE('',#1063,#1015,#1065,.T.);
#1063 = VERTEX_POINT('',#1064);
#1064 = CARTESIAN_POINT('',(-0.505,0.59,0.76));
#1065 = LINE('',#1066,#1067);
#1066 = CARTESIAN_POINT('',(-0.505,0.59,0.76));
#1067 = VECTOR('',#1068,1.);
#1068 = DIRECTION('',(1.,0.,0.));
#1069 = ORIENTED_EDGE('',*,*,#1070,.T.);
#1070 = EDGE_CURVE('',#1063,#629,#1071,.T.);
#1071 = LINE('',#1072,#1073);
#1072 = CARTESIAN_POINT('',(-0.505,0.59,0.76));
#1073 = VECTOR('',#1074,1.);
#1074 = DIRECTION('',(0.,0.,1.));
#1075 = ORIENTED_EDGE('',*,*,#636,.F.);
#1076 = PLANE('',#1077);
#1077 = AXIS2_PLACEMENT_3D('',#1078,#1079,#1080);
#1078 = CARTESIAN_POINT('',(-0.505,0.59,0.76));
#1079 = DIRECTION('',(0.,1.,0.));
#1080 = DIRECTION('',(0.,-0.,1.));
#1081 = ADVANCED_FACE('',(#1082),#1093,.T.);
#1082 = FACE_BOUND('',#1083,.T.);
#1083 = EDGE_LOOP('',(#1084,#1085,#1091,#1092));
#1084 = ORIENTED_EDGE('',*,*,#1046,.F.);
#1085 = ORIENTED_EDGE('',*,*,#1086,.T.);
#1086 = EDGE_CURVE('',#1039,#1063,#1087,.T.);
#1087 = LINE('',#1088,#1089);
#1088 = CARTESIAN_POINT('',(-0.505,-0.59,0.76));
#1089 = VECTOR('',#1090,1.);
#1090 = DIRECTION('',(0.,1.,0.));
#1091 = ORIENTED_EDGE('',*,*,#1070,.T.);
#1092 = ORIENTED_EDGE('',*,*,#628,.F.);
#1093 = PLANE('',#1094);
#1094 = AXIS2_PLACEMENT_3D('',#1095,#1096,#1097);
#1095 = CARTESIAN_POINT('',(-0.505,-0.59,0.76));
#1096 = DIRECTION('',(1.,0.,0.));
#1097 = DIRECTION('',(0.,0.,1.));
#1098 = ADVANCED_FACE('',(#1099),#1127,.T.);
#1099 = FACE_BOUND('',#1100,.T.);
#1100 = EDGE_LOOP('',(#1101,#1102,#1103,#1104,#1112,#1121));
#1101 = ORIENTED_EDGE('',*,*,#947,.F.);
#1102 = ORIENTED_EDGE('',*,*,#991,.T.);
#1103 = ORIENTED_EDGE('',*,*,#844,.T.);
#1104 = ORIENTED_EDGE('',*,*,#1105,.F.);
#1105 = EDGE_CURVE('',#1106,#836,#1108,.T.);
#1106 = VERTEX_POINT('',#1107);
#1107 = CARTESIAN_POINT('',(-0.97,0.3,0.8));
#1108 = LINE('',#1109,#1110);
#1109 = CARTESIAN_POINT('',(-0.97,-0.5,0.8));
#1110 = VECTOR('',#1111,1.);
#1111 = DIRECTION('',(1.110223024625E-16,1.,0.));
#1112 = ORIENTED_EDGE('',*,*,#1113,.F.);
#1113 = EDGE_CURVE('',#1114,#1106,#1116,.T.);
#1114 = VERTEX_POINT('',#1115);
#1115 = CARTESIAN_POINT('',(-0.97,-0.3,0.8));
#1116 = CIRCLE('',#1117,0.3);
#1117 = AXIS2_PLACEMENT_3D('',#1118,#1119,#1120);
#1118 = CARTESIAN_POINT('',(-0.97,1.076916333886E-16,0.8));
#1119 = DIRECTION('',(0.,-0.,1.));
#1120 = DIRECTION('',(1.110223024625E-16,1.,0.));
#1121 = ORIENTED_EDGE('',*,*,#1122,.F.);
#1122 = EDGE_CURVE('',#939,#1114,#1123,.T.);
#1123 = LINE('',#1124,#1125);
#1124 = CARTESIAN_POINT('',(-0.97,-0.5,0.8));
#1125 = VECTOR('',#1126,1.);
#1126 = DIRECTION('',(1.110223024625E-16,1.,0.));
#1127 = PLANE('',#1128);
#1128 = AXIS2_PLACEMENT_3D('',#1129,#1130,#1131);
#1129 = CARTESIAN_POINT('',(-0.55,-0.5,0.8));
#1130 = DIRECTION('',(0.,0.,1.));
#1131 = DIRECTION('',(1.110223024625E-16,1.,-0.));
#1132 = ADVANCED_FACE('',(#1133),#1156,.T.);
#1133 = FACE_BOUND('',#1134,.T.);
#1134 = EDGE_LOOP('',(#1135,#1143,#1154,#1155));
#1135 = ORIENTED_EDGE('',*,*,#1136,.F.);
#1136 = EDGE_CURVE('',#1137,#828,#1139,.T.);
#1137 = VERTEX_POINT('',#1138);
#1138 = CARTESIAN_POINT('',(-1.,0.298496231132,0.77));
#1139 = LINE('',#1140,#1141);
#1140 = CARTESIAN_POINT('',(-1.,-0.5,0.77));
#1141 = VECTOR('',#1142,1.);
#1142 = DIRECTION('',(1.110223024625E-16,1.,0.));
#1143 = ORIENTED_EDGE('',*,*,#1144,.T.);
#1144 = EDGE_CURVE('',#1137,#1106,#1145,.T.);
#1145 = B_SPLINE_CURVE_WITH_KNOTS('',7,(#1146,#1147,#1148,#1149,#1150,
    #1151,#1152,#1153),.UNSPECIFIED.,.F.,.F.,(8,8),(0.,1.),
  .PIECEWISE_BEZIER_KNOTS.);
#1146 = CARTESIAN_POINT('',(-1.,0.298496231132,0.77));
#1147 = CARTESIAN_POINT('',(-1.,0.298496231132,0.777078545461));
#1148 = CARTESIAN_POINT('',(-0.998051511934,0.298692110584,
    0.783950989081));
#1149 = CARTESIAN_POINT('',(-0.994358225228,0.299063047752,
    0.790060909904));
#1150 = CARTESIAN_POINT('',(-0.989239728548,0.299497178561,
    0.794974964065));
#1151 = CARTESIAN_POINT('',(-0.983106378111,0.299835744948,
    0.798356740361));
#1152 = CARTESIAN_POINT('',(-0.976500024714,0.29999999935,0.79999999675)
  );
#1153 = CARTESIAN_POINT('',(-0.97,0.3,0.8));
#1154 = ORIENTED_EDGE('',*,*,#1105,.T.);
#1155 = ORIENTED_EDGE('',*,*,#835,.F.);
#1156 = CYLINDRICAL_SURFACE('',#1157,3.E-02);
#1157 = AXIS2_PLACEMENT_3D('',#1158,#1159,#1160);
#1158 = CARTESIAN_POINT('',(-0.97,-0.5,0.77));
#1159 = DIRECTION('',(1.110223024625E-16,1.,0.));
#1160 = DIRECTION('',(-1.,1.110223024625E-16,0.));
#1161 = ADVANCED_FACE('',(#1162),#1180,.T.);
#1162 = FACE_BOUND('',#1163,.T.);
#1163 = EDGE_LOOP('',(#1164,#1165,#1173,#1179));
#1164 = ORIENTED_EDGE('',*,*,#827,.F.);
#1165 = ORIENTED_EDGE('',*,*,#1166,.F.);
#1166 = EDGE_CURVE('',#1167,#819,#1169,.T.);
#1167 = VERTEX_POINT('',#1168);
#1168 = CARTESIAN_POINT('',(-1.,0.298496231132,3.E-02));
#1169 = LINE('',#1170,#1171);
#1170 = CARTESIAN_POINT('',(-1.,-0.5,3.E-02));
#1171 = VECTOR('',#1172,1.);
#1172 = DIRECTION('',(1.110223024625E-16,1.,0.));
#1173 = ORIENTED_EDGE('',*,*,#1174,.T.);
#1174 = EDGE_CURVE('',#1167,#1137,#1175,.T.);
#1175 = LINE('',#1176,#1177);
#1176 = CARTESIAN_POINT('',(-1.,0.298496231132,0.8));
#1177 = VECTOR('',#1178,1.);
#1178 = DIRECTION('',(0.,0.,1.));
#1179 = ORIENTED_EDGE('',*,*,#1136,.T.);
#1180 = PLANE('',#1181);
#1181 = AXIS2_PLACEMENT_3D('',#1182,#1183,#1184);
#1182 = CARTESIAN_POINT('',(-1.,-0.5,0.));
#1183 = DIRECTION('',(-1.,1.110223024625E-16,0.));
#1184 = DIRECTION('',(0.,0.,1.));
#1185 = ADVANCED_FACE('',(#1186),#1209,.T.);
#1186 = FACE_BOUND('',#1187,.T.);
#1187 = EDGE_LOOP('',(#1188,#1189,#1197,#1208));
#1188 = ORIENTED_EDGE('',*,*,#818,.T.);
#1189 = ORIENTED_EDGE('',*,*,#1190,.F.);
#1190 = EDGE_CURVE('',#1191,#811,#1193,.T.);
#1191 = VERTEX_POINT('',#1192);
#1192 = CARTESIAN_POINT('',(-0.97,0.3,-1.734723475977E-18));
#1193 = LINE('',#1194,#1195);
#1194 = CARTESIAN_POINT('',(-0.97,-0.5,-3.469446951954E-18));
#1195 = VECTOR('',#1196,1.);
#1196 = DIRECTION('',(1.110223024625E-16,1.,0.));
#1197 = ORIENTED_EDGE('',*,*,#1198,.F.);
#1198 = EDGE_CURVE('',#1167,#1191,#1199,.T.);
#1199 = B_SPLINE_CURVE_WITH_KNOTS('',7,(#1200,#1201,#1202,#1203,#1204,
    #1205,#1206,#1207),.UNSPECIFIED.,.F.,.F.,(8,8),(0.,1.),
  .PIECEWISE_BEZIER_KNOTS.);
#1200 = CARTESIAN_POINT('',(-1.,0.298496231132,3.E-02));
#1201 = CARTESIAN_POINT('',(-1.,0.298496231132,2.292145453898E-02));
#1202 = CARTESIAN_POINT('',(-0.998051511934,0.298692110584,
    1.604901091858E-02));
#1203 = CARTESIAN_POINT('',(-0.994358225228,0.299063047752,
    9.939090096346E-03));
#1204 = CARTESIAN_POINT('',(-0.989239728548,0.299497178561,
    5.025035935187E-03));
#1205 = CARTESIAN_POINT('',(-0.983106378111,0.299835744948,
    1.643259638904E-03));
#1206 = CARTESIAN_POINT('',(-0.976500024714,0.29999999935,
    3.25001235963E-09));
#1207 = CARTESIAN_POINT('',(-0.97,0.3,-1.734723475977E-18));
#1208 = ORIENTED_EDGE('',*,*,#1166,.T.);
#1209 = CYLINDRICAL_SURFACE('',#1210,3.E-02);
#1210 = AXIS2_PLACEMENT_3D('',#1211,#1212,#1213);
#1211 = CARTESIAN_POINT('',(-0.97,-0.5,3.E-02));
#1212 = DIRECTION('',(1.110223024625E-16,1.,0.));
#1213 = DIRECTION('',(-1.,1.110223024625E-16,0.));
#1214 = ADVANCED_FACE('',(#1215),#1236,.F.);
#1215 = FACE_BOUND('',#1216,.F.);
#1216 = EDGE_LOOP('',(#1217,#1218,#1219,#1220,#1221,#1230));
#1217 = ORIENTED_EDGE('',*,*,#913,.F.);
#1218 = ORIENTED_EDGE('',*,*,#878,.T.);
#1219 = ORIENTED_EDGE('',*,*,#810,.T.);
#1220 = ORIENTED_EDGE('',*,*,#1190,.F.);
#1221 = ORIENTED_EDGE('',*,*,#1222,.F.);
#1222 = EDGE_CURVE('',#1223,#1191,#1225,.T.);
#1223 = VERTEX_POINT('',#1224);
#1224 = CARTESIAN_POINT('',(-0.97,-0.3,-3.469446951954E-18));
#1225 = CIRCLE('',#1226,0.3);
#1226 = AXIS2_PLACEMENT_3D('',#1227,#1228,#1229);
#1227 = CARTESIAN_POINT('',(-0.97,1.076916333886E-16,0.));
#1228 = DIRECTION('',(0.,-0.,1.));
#1229 = DIRECTION('',(1.110223024625E-16,1.,0.));
#1230 = ORIENTED_EDGE('',*,*,#1231,.F.);
#1231 = EDGE_CURVE('',#914,#1223,#1232,.T.);
#1232 = LINE('',#1233,#1234);
#1233 = CARTESIAN_POINT('',(-0.97,-0.5,-3.469446951954E-18));
#1234 = VECTOR('',#1235,1.);
#1235 = DIRECTION('',(1.110223024625E-16,1.,0.));
#1236 = PLANE('',#1237);
#1237 = AXIS2_PLACEMENT_3D('',#1238,#1239,#1240);
#1238 = CARTESIAN_POINT('',(-0.55,-0.5,0.));
#1239 = DIRECTION('',(0.,0.,1.));
#1240 = DIRECTION('',(1.110223024625E-16,1.,-0.));
#1241 = ADVANCED_FACE('',(#1242),#1265,.T.);
#1242 = FACE_BOUND('',#1243,.T.);
#1243 = EDGE_LOOP('',(#1244,#1252,#1253,#1254));
#1244 = ORIENTED_EDGE('',*,*,#1245,.F.);
#1245 = EDGE_CURVE('',#931,#1246,#1248,.T.);
#1246 = VERTEX_POINT('',#1247);
#1247 = CARTESIAN_POINT('',(-1.,-0.298496231132,0.77));
#1248 = LINE('',#1249,#1250);
#1249 = CARTESIAN_POINT('',(-1.,-0.5,0.77));
#1250 = VECTOR('',#1251,1.);
#1251 = DIRECTION('',(1.110223024625E-16,1.,0.));
#1252 = ORIENTED_EDGE('',*,*,#938,.T.);
#1253 = ORIENTED_EDGE('',*,*,#1122,.T.);
#1254 = ORIENTED_EDGE('',*,*,#1255,.F.);
#1255 = EDGE_CURVE('',#1246,#1114,#1256,.T.);
#1256 = B_SPLINE_CURVE_WITH_KNOTS('',7,(#1257,#1258,#1259,#1260,#1261,
    #1262,#1263,#1264),.UNSPECIFIED.,.F.,.F.,(8,8),(0.,1.),
  .PIECEWISE_BEZIER_KNOTS.);
#1257 = CARTESIAN_POINT('',(-1.,-0.298496231132,0.77));
#1258 = CARTESIAN_POINT('',(-1.,-0.298496231132,0.777078545453));
#1259 = CARTESIAN_POINT('',(-0.998051511412,-0.298692111009,
    0.783950991788));
#1260 = CARTESIAN_POINT('',(-0.994358226798,-0.299063046355,
    0.79006090216));
#1261 = CARTESIAN_POINT('',(-0.989239725864,-0.299497180638,
    0.79497497463));
#1262 = CARTESIAN_POINT('',(-0.983106381509,-0.299835743265,
    0.798356731994));
#1263 = CARTESIAN_POINT('',(-0.976500022629,-0.3,0.8));
#1264 = CARTESIAN_POINT('',(-0.97,-0.3,0.8));
#1265 = CYLINDRICAL_SURFACE('',#1266,3.E-02);
#1266 = AXIS2_PLACEMENT_3D('',#1267,#1268,#1269);
#1267 = CARTESIAN_POINT('',(-0.97,-0.5,0.77));
#1268 = DIRECTION('',(1.110223024625E-16,1.,0.));
#1269 = DIRECTION('',(-1.,1.110223024625E-16,0.));
#1270 = ADVANCED_FACE('',(#1271),#1289,.T.);
#1271 = FACE_BOUND('',#1272,.T.);
#1272 = EDGE_LOOP('',(#1273,#1281,#1287,#1288));
#1273 = ORIENTED_EDGE('',*,*,#1274,.F.);
#1274 = EDGE_CURVE('',#1275,#1246,#1277,.T.);
#1275 = VERTEX_POINT('',#1276);
#1276 = CARTESIAN_POINT('',(-1.,-0.298496231132,3.E-02));
#1277 = LINE('',#1278,#1279);
#1278 = CARTESIAN_POINT('',(-1.,-0.298496231132,0.8));
#1279 = VECTOR('',#1280,1.);
#1280 = DIRECTION('',(0.,0.,1.));
#1281 = ORIENTED_EDGE('',*,*,#1282,.F.);
#1282 = EDGE_CURVE('',#922,#1275,#1283,.T.);
#1283 = LINE('',#1284,#1285);
#1284 = CARTESIAN_POINT('',(-1.,-0.5,3.E-02));
#1285 = VECTOR('',#1286,1.);
#1286 = DIRECTION('',(1.110223024625E-16,1.,0.));
#1287 = ORIENTED_EDGE('',*,*,#930,.T.);
#1288 = ORIENTED_EDGE('',*,*,#1245,.T.);
#1289 = PLANE('',#1290);
#1290 = AXIS2_PLACEMENT_3D('',#1291,#1292,#1293);
#1291 = CARTESIAN_POINT('',(-1.,-0.5,0.));
#1292 = DIRECTION('',(-1.,1.110223024625E-16,0.));
#1293 = DIRECTION('',(0.,0.,1.));
#1294 = ADVANCED_FACE('',(#1295),#1311,.T.);
#1295 = FACE_BOUND('',#1296,.T.);
#1296 = EDGE_LOOP('',(#1297,#1308,#1309,#1310));
#1297 = ORIENTED_EDGE('',*,*,#1298,.T.);
#1298 = EDGE_CURVE('',#1275,#1223,#1299,.T.);
#1299 = B_SPLINE_CURVE_WITH_KNOTS('',7,(#1300,#1301,#1302,#1303,#1304,
    #1305,#1306,#1307),.UNSPECIFIED.,.F.,.F.,(8,8),(0.,1.),
  .PIECEWISE_BEZIER_KNOTS.);
#1300 = CARTESIAN_POINT('',(-1.,-0.298496231132,3.E-02));
#1301 = CARTESIAN_POINT('',(-1.,-0.298496231132,2.292145454723E-02));
#1302 = CARTESIAN_POINT('',(-0.998051511412,-0.298692111009,
    1.604900821222E-02));
#1303 = CARTESIAN_POINT('',(-0.994358226798,-0.299063046355,
    9.939097839943E-03));
#1304 = CARTESIAN_POINT('',(-0.989239725864,-0.299497180638,
    5.025025369892E-03));
#1305 = CARTESIAN_POINT('',(-0.98310638151,-0.299835743265,
    1.64326800583E-03));
#1306 = CARTESIAN_POINT('',(-0.976500022628,-0.3,-1.734723475977E-18));
#1307 = CARTESIAN_POINT('',(-0.97,-0.3,-1.734723475977E-18));
#1308 = ORIENTED_EDGE('',*,*,#1231,.F.);
#1309 = ORIENTED_EDGE('',*,*,#921,.F.);
#1310 = ORIENTED_EDGE('',*,*,#1282,.T.);
#1311 = CYLINDRICAL_SURFACE('',#1312,3.E-02);
#1312 = AXIS2_PLACEMENT_3D('',#1313,#1314,#1315);
#1313 = CARTESIAN_POINT('',(-0.97,-0.5,3.E-02));
#1314 = DIRECTION('',(1.110223024625E-16,1.,0.));
#1315 = DIRECTION('',(-1.,1.110223024625E-16,0.));
#1316 = ADVANCED_FACE('',(#1317),#1323,.T.);
#1317 = FACE_BOUND('',#1318,.T.);
#1318 = EDGE_LOOP('',(#1319,#1320,#1321,#1322));
#1319 = ORIENTED_EDGE('',*,*,#1086,.F.);
#1320 = ORIENTED_EDGE('',*,*,#1038,.T.);
#1321 = ORIENTED_EDGE('',*,*,#1014,.T.);
#1322 = ORIENTED_EDGE('',*,*,#1062,.F.);
#1323 = PLANE('',#1324);
#1324 = AXIS2_PLACEMENT_3D('',#1325,#1326,#1327);
#1325 = CARTESIAN_POINT('',(-0.505,-0.59,0.76));
#1326 = DIRECTION('',(0.,0.,1.));
#1327 = DIRECTION('',(1.,0.,-0.));
#1328 = ADVANCED_FACE('',(#1329),#1339,.F.);
#1329 = FACE_BOUND('',#1330,.F.);
#1330 = EDGE_LOOP('',(#1331,#1332,#1333,#1334,#1335,#1336,#1337,#1338));
#1331 = ORIENTED_EDGE('',*,*,#1174,.T.);
#1332 = ORIENTED_EDGE('',*,*,#1144,.T.);
#1333 = ORIENTED_EDGE('',*,*,#1113,.F.);
#1334 = ORIENTED_EDGE('',*,*,#1255,.F.);
#1335 = ORIENTED_EDGE('',*,*,#1274,.F.);
#1336 = ORIENTED_EDGE('',*,*,#1298,.T.);
#1337 = ORIENTED_EDGE('',*,*,#1222,.T.);
#1338 = ORIENTED_EDGE('',*,*,#1198,.F.);
#1339 = CYLINDRICAL_SURFACE('',#1340,0.3);
#1340 = AXIS2_PLACEMENT_3D('',#1341,#1342,#1343);
#1341 = CARTESIAN_POINT('',(-0.97,1.076916333886E-16,0.8));
#1342 = DIRECTION('',(0.,0.,1.));
#1343 = DIRECTION('',(1.110223024625E-16,1.,-0.));
#1344 = ( GEOMETRIC_REPRESENTATION_CONTEXT(3) 
GLOBAL_UNCERTAINTY_ASSIGNED_CONTEXT((#1348)) 
GLOBAL_UNIT_ASSIGNED_CONTEXT((#1345,#1346,#1347)) REPRESENTATION_CONTEXT
('Context #1','3D Context with UNIT and UNCERTAINTY') );
#1345 = ( LENGTH_UNIT() NAMED_UNIT(*) SI_UNIT(.MILLI.,.METRE.) );
#1346 = ( NAMED_UNIT(*) PLANE_ANGLE_UNIT() SI_UNIT($,.RADIAN.) );
#1347 = ( NAMED_UNIT(*) SI_UNIT($,.STERADIAN.) SOLID_ANGLE_UNIT() );
#1348 = UNCERTAINTY_MEASURE_WITH_UNIT(LENGTH_MEASURE(1.E-07),#1345,
  'distance_accuracy_value','confusion accuracy');
#1349 = CONTEXT_DEPENDENT_SHAPE_REPRESENTATION(#1350,#1352);
#1350 = ( REPRESENTATION_RELATIONSHIP('','',#67,#44) 
REPRESENTATION_RELATIONSHIP_WITH_TRANSFORMATION(#1351) 
SHAPE_REPRESENTATION_RELATIONSHIP() );
#1351 = ITEM_DEFINED_TRANSFORMATION('','',#11,#45);
#1352 = PRODUCT_DEFINITION_SHAPE('Placement','Placement of an item',
  #1353);
#1353 = NEXT_ASSEMBLY_USAGE_OCCURRENCE('1','=>[0:1:1:3]','',#39,#62,$);
#1354 = PRODUCT_RELATED_PRODUCT_CATEGORY('part',$,(#64));
#1355 = SHAPE_DEFINITION_REPRESENTATION(#1356,#1362);
#1356 = PRODUCT_DEFINITION_SHAPE('','',#1357);
#1357 = PRODUCT_DEFINITION('design','',#1358,#1361);
#1358 = PRODUCT_DEFINITION_FORMATION('','',#1359);
#1359 = PRODUCT('R_0805_2012Metric','R_0805_2012Metric','',(#1360));
#1360 = PRODUCT_CONTEXT('',#2,'mechanical');
#1361 = PRODUCT_DEFINITION_CONTEXT('part definition',#2,'design');
#1362 = SHAPE_REPRESENTATION('',(#11,#1363),#1367);
#1363 = AXIS2_PLACEMENT_3D('',#1364,#1365,#1366);
#1364 = CARTESIAN_POINT('',(0.,0.,0.));
#1365 = DIRECTION('',(0.,0.,1.));
#1366 = DIRECTION('',(1.,0.,-0.));
#1367 = ( GEOMETRIC_REPRESENTATION_CONTEXT(3) 
GLOBAL_UNCERTAINTY_ASSIGNED_CONTEXT((#1371)) 
GLOBAL_UNIT_ASSIGNED_CONTEXT((#1368,#1369,#1370)) REPRESENTATION_CONTEXT
('Context #1','3D Context with UNIT and UNCERTAINTY') );
#1368 = ( LENGTH_UNIT() NAMED_UNIT(*) SI_UNIT(.MILLI.,.METRE.) );
#1369 = ( NAMED_UNIT(*) PLANE_ANGLE_UNIT() SI_UNIT($,.RADIAN.) );
#1370 = ( NAMED_UNIT(*) SI_UNIT($,.STERADIAN.) SOLID_ANGLE_UNIT() );
#1371 = UNCERTAINTY_MEASURE_WITH_UNIT(LENGTH_MEASURE(1.E-07),#1368,
  'distance_accuracy_value','confusion accuracy');
#1372 = CONTEXT_DEPENDENT_SHAPE_REPRESENTATION(#1373,#1375);
#1373 = ( REPRESENTATION_RELATIONSHIP('','',#1362,#10) 
REPRESENTATION_RELATIONSHIP_WITH_TRANSFORMATION(#1374) 
SHAPE_REPRESENTATION_RELATIONSHIP() );
#1374 = ITEM_DEFINED_TRANSFORMATION('','',#11,#19);
#1375 = PRODUCT_DEFINITION_SHAPE('Placement','Placement of an item',
  #1376);
#1376 = NEXT_ASSEMBLY_USAGE_OCCURRENCE('4','R1','',#5,#1357,$);
#1377 = PRODUCT_RELATED_PRODUCT_CATEGORY('part',$,(#1359));
#1378 = SHAPE_DEFINITION_REPRESENTATION(#1379,#1385);
#1379 = PRODUCT_DEFINITION_SHAPE('','',#1380);
#1380 = PRODUCT_DEFINITION('design','',#1381,#1384);
#1381 = PRODUCT_DEFINITION_FORMATION('','',#1382);
#1382 = PRODUCT('R_0805_2012Metric','R_0805_2012Metric','',(#1383));
#1383 = PRODUCT_CONTEXT('',#2,'mechanical');
#1384 = PRODUCT_DEFINITION_CONTEXT('part definition',#2,'design');
#1385 = ADVANCED_BREP_SHAPE_REPRESENTATION('',(#11,#1386),#2176);
#1386 = MANIFOLD_SOLID_BREP('',#1387);
#1387 = CLOSED_SHELL('',(#1388,#1428,#1511,#1536,#1561,#1628,#1645,#1662
    ,#1711,#1728,#1745,#1794,#1811,#1880,#1911,#1935,#2004,#2028,#2045,
    #2062,#2079,#2096,#2113,#2130,#2147,#2164));
#1388 = ADVANCED_FACE('',(#1389),#1423,.F.);
#1389 = FACE_BOUND('',#1390,.F.);
#1390 = EDGE_LOOP('',(#1391,#1401,#1409,#1417));
#1391 = ORIENTED_EDGE('',*,*,#1392,.F.);
#1392 = EDGE_CURVE('',#1393,#1395,#1397,.T.);
#1393 = VERTEX_POINT('',#1394);
#1394 = CARTESIAN_POINT('',(-1.,-0.6,4.5E-02));
#1395 = VERTEX_POINT('',#1396);
#1396 = CARTESIAN_POINT('',(-1.,-0.6,0.405));
#1397 = LINE('',#1398,#1399);
#1398 = CARTESIAN_POINT('',(-1.,-0.6,0.));
#1399 = VECTOR('',#1400,1.);
#1400 = DIRECTION('',(0.,0.,1.));
#1401 = ORIENTED_EDGE('',*,*,#1402,.T.);
#1402 = EDGE_CURVE('',#1393,#1403,#1405,.T.);
#1403 = VERTEX_POINT('',#1404);
#1404 = CARTESIAN_POINT('',(-1.,0.6,4.5E-02));
#1405 = LINE('',#1406,#1407);
#1406 = CARTESIAN_POINT('',(-1.,-0.6,4.5E-02));
#1407 = VECTOR('',#1408,1.);
#1408 = DIRECTION('',(0.,1.,0.));
#1409 = ORIENTED_EDGE('',*,*,#1410,.T.);
#1410 = EDGE_CURVE('',#1403,#1411,#1413,.T.);
#1411 = VERTEX_POINT('',#1412);
#1412 = CARTESIAN_POINT('',(-1.,0.6,0.405));
#1413 = LINE('',#1414,#1415);
#1414 = CARTESIAN_POINT('',(-1.,0.6,0.));
#1415 = VECTOR('',#1416,1.);
#1416 = DIRECTION('',(0.,0.,1.));
#1417 = ORIENTED_EDGE('',*,*,#1418,.F.);
#1418 = EDGE_CURVE('',#1395,#1411,#1419,.T.);
#1419 = LINE('',#1420,#1421);
#1420 = CARTESIAN_POINT('',(-1.,-0.6,0.405));
#1421 = VECTOR('',#1422,1.);
#1422 = DIRECTION('',(0.,1.,0.));
#1423 = PLANE('',#1424);
#1424 = AXIS2_PLACEMENT_3D('',#1425,#1426,#1427);
#1425 = CARTESIAN_POINT('',(-1.,-0.6,0.));
#1426 = DIRECTION('',(1.,0.,0.));
#1427 = DIRECTION('',(0.,0.,1.));
#1428 = ADVANCED_FACE('',(#1429),#1506,.F.);
#1429 = FACE_BOUND('',#1430,.F.);
#1430 = EDGE_LOOP('',(#1431,#1441,#1448,#1449,#1458,#1466,#1475,#1483,
    #1491,#1499));
#1431 = ORIENTED_EDGE('',*,*,#1432,.F.);
#1432 = EDGE_CURVE('',#1433,#1435,#1437,.T.);
#1433 = VERTEX_POINT('',#1434);
#1434 = CARTESIAN_POINT('',(-0.955,-0.6,-2.775557561563E-17));
#1435 = VERTEX_POINT('',#1436);
#1436 = CARTESIAN_POINT('',(-0.745,-0.6,-2.775557561563E-17));
#1437 = LINE('',#1438,#1439);
#1438 = CARTESIAN_POINT('',(-1.,-0.6,0.));
#1439 = VECTOR('',#1440,1.);
#1440 = DIRECTION('',(1.,0.,0.));
#1441 = ORIENTED_EDGE('',*,*,#1442,.F.);
#1442 = EDGE_CURVE('',#1393,#1433,#1443,.T.);
#1443 = CIRCLE('',#1444,4.5E-02);
#1444 = AXIS2_PLACEMENT_3D('',#1445,#1446,#1447);
#1445 = CARTESIAN_POINT('',(-0.955,-0.6,4.5E-02));
#1446 = DIRECTION('',(0.,-1.,0.));
#1447 = DIRECTION('',(0.,0.,1.));
#1448 = ORIENTED_EDGE('',*,*,#1392,.T.);
#1449 = ORIENTED_EDGE('',*,*,#1450,.T.);
#1450 = EDGE_CURVE('',#1395,#1451,#1453,.T.);
#1451 = VERTEX_POINT('',#1452);
#1452 = CARTESIAN_POINT('',(-0.955,-0.6,0.45));
#1453 = CIRCLE('',#1454,4.5E-02);
#1454 = AXIS2_PLACEMENT_3D('',#1455,#1456,#1457);
#1455 = CARTESIAN_POINT('',(-0.955,-0.6,0.405));
#1456 = DIRECTION('',(0.,1.,0.));
#1457 = DIRECTION('',(0.,-0.,1.));
#1458 = ORIENTED_EDGE('',*,*,#1459,.T.);
#1459 = EDGE_CURVE('',#1451,#1460,#1462,.T.);
#1460 = VERTEX_POINT('',#1461);
#1461 = CARTESIAN_POINT('',(-0.745,-0.6,0.45));
#1462 = LINE('',#1463,#1464);
#1463 = CARTESIAN_POINT('',(-1.,-0.6,0.45));
#1464 = VECTOR('',#1465,1.);
#1465 = DIRECTION('',(1.,0.,0.));
#1466 = ORIENTED_EDGE('',*,*,#1467,.F.);
#1467 = EDGE_CURVE('',#1468,#1460,#1470,.T.);
#1468 = VERTEX_POINT('',#1469);
#1469 = CARTESIAN_POINT('',(-0.7,-0.6,0.405));
#1470 = CIRCLE('',#1471,4.5E-02);
#1471 = AXIS2_PLACEMENT_3D('',#1472,#1473,#1474);
#1472 = CARTESIAN_POINT('',(-0.745,-0.6,0.405));
#1473 = DIRECTION('',(0.,-1.,0.));
#1474 = DIRECTION('',(0.,0.,1.));
#1475 = ORIENTED_EDGE('',*,*,#1476,.F.);
#1476 = EDGE_CURVE('',#1477,#1468,#1479,.T.);
#1477 = VERTEX_POINT('',#1478);
#1478 = CARTESIAN_POINT('',(-0.955,-0.6,0.405));
#1479 = LINE('',#1480,#1481);
#1480 = CARTESIAN_POINT('',(-0.955,-0.6,0.405));
#1481 = VECTOR('',#1482,1.);
#1482 = DIRECTION('',(1.,0.,0.));
#1483 = ORIENTED_EDGE('',*,*,#1484,.F.);
#1484 = EDGE_CURVE('',#1485,#1477,#1487,.T.);
#1485 = VERTEX_POINT('',#1486);
#1486 = CARTESIAN_POINT('',(-0.955,-0.6,4.5E-02));
#1487 = LINE('',#1488,#1489);
#1488 = CARTESIAN_POINT('',(-0.955,-0.6,4.5E-02));
#1489 = VECTOR('',#1490,1.);
#1490 = DIRECTION('',(0.,0.,1.));
#1491 = ORIENTED_EDGE('',*,*,#1492,.T.);
#1492 = EDGE_CURVE('',#1485,#1493,#1495,.T.);
#1493 = VERTEX_POINT('',#1494);
#1494 = CARTESIAN_POINT('',(-0.7,-0.6,4.5E-02));
#1495 = LINE('',#1496,#1497);
#1496 = CARTESIAN_POINT('',(-0.955,-0.6,4.5E-02));
#1497 = VECTOR('',#1498,1.);
#1498 = DIRECTION('',(1.,0.,0.));
#1499 = ORIENTED_EDGE('',*,*,#1500,.T.);
#1500 = EDGE_CURVE('',#1493,#1435,#1501,.T.);
#1501 = CIRCLE('',#1502,4.5E-02);
#1502 = AXIS2_PLACEMENT_3D('',#1503,#1504,#1505);
#1503 = CARTESIAN_POINT('',(-0.745,-0.6,4.5E-02));
#1504 = DIRECTION('',(0.,1.,0.));
#1505 = DIRECTION('',(0.,-0.,1.));
#1506 = PLANE('',#1507);
#1507 = AXIS2_PLACEMENT_3D('',#1508,#1509,#1510);
#1508 = CARTESIAN_POINT('',(-1.,-0.6,0.));
#1509 = DIRECTION('',(0.,1.,0.));
#1510 = DIRECTION('',(0.,-0.,1.));
#1511 = ADVANCED_FACE('',(#1512),#1531,.T.);
#1512 = FACE_BOUND('',#1513,.T.);
#1513 = EDGE_LOOP('',(#1514,#1515,#1524,#1530));
#1514 = ORIENTED_EDGE('',*,*,#1402,.T.);
#1515 = ORIENTED_EDGE('',*,*,#1516,.T.);
#1516 = EDGE_CURVE('',#1403,#1517,#1519,.T.);
#1517 = VERTEX_POINT('',#1518);
#1518 = CARTESIAN_POINT('',(-0.955,0.6,-2.775557561563E-17));
#1519 = CIRCLE('',#1520,4.5E-02);
#1520 = AXIS2_PLACEMENT_3D('',#1521,#1522,#1523);
#1521 = CARTESIAN_POINT('',(-0.955,0.6,4.5E-02));
#1522 = DIRECTION('',(0.,-1.,0.));
#1523 = DIRECTION('',(0.,0.,1.));
#1524 = ORIENTED_EDGE('',*,*,#1525,.F.);
#1525 = EDGE_CURVE('',#1433,#1517,#1526,.T.);
#1526 = LINE('',#1527,#1528);
#1527 = CARTESIAN_POINT('',(-0.955,-0.6,-2.775557561563E-17));
#1528 = VECTOR('',#1529,1.);
#1529 = DIRECTION('',(0.,1.,0.));
#1530 = ORIENTED_EDGE('',*,*,#1442,.F.);
#1531 = CYLINDRICAL_SURFACE('',#1532,4.5E-02);
#1532 = AXIS2_PLACEMENT_3D('',#1533,#1534,#1535);
#1533 = CARTESIAN_POINT('',(-0.955,-0.6,4.5E-02));
#1534 = DIRECTION('',(0.,1.,0.));
#1535 = DIRECTION('',(-1.,0.,0.));
#1536 = ADVANCED_FACE('',(#1537),#1556,.T.);
#1537 = FACE_BOUND('',#1538,.T.);
#1538 = EDGE_LOOP('',(#1539,#1540,#1548,#1555));
#1539 = ORIENTED_EDGE('',*,*,#1450,.T.);
#1540 = ORIENTED_EDGE('',*,*,#1541,.T.);
#1541 = EDGE_CURVE('',#1451,#1542,#1544,.T.);
#1542 = VERTEX_POINT('',#1543);
#1543 = CARTESIAN_POINT('',(-0.955,0.6,0.45));
#1544 = LINE('',#1545,#1546);
#1545 = CARTESIAN_POINT('',(-0.955,-0.6,0.45));
#1546 = VECTOR('',#1547,1.);
#1547 = DIRECTION('',(0.,1.,0.));
#1548 = ORIENTED_EDGE('',*,*,#1549,.F.);
#1549 = EDGE_CURVE('',#1411,#1542,#1550,.T.);
#1550 = CIRCLE('',#1551,4.5E-02);
#1551 = AXIS2_PLACEMENT_3D('',#1552,#1553,#1554);
#1552 = CARTESIAN_POINT('',(-0.955,0.6,0.405));
#1553 = DIRECTION('',(0.,1.,0.));
#1554 = DIRECTION('',(0.,-0.,1.));
#1555 = ORIENTED_EDGE('',*,*,#1418,.F.);
#1556 = CYLINDRICAL_SURFACE('',#1557,4.5E-02);
#1557 = AXIS2_PLACEMENT_3D('',#1558,#1559,#1560);
#1558 = CARTESIAN_POINT('',(-0.955,-0.6,0.405));
#1559 = DIRECTION('',(0.,1.,0.));
#1560 = DIRECTION('',(-1.,0.,0.));
#1561 = ADVANCED_FACE('',(#1562),#1623,.T.);
#1562 = FACE_BOUND('',#1563,.T.);
#1563 = EDGE_LOOP('',(#1564,#1572,#1573,#1574,#1575,#1583,#1592,#1600,
    #1608,#1616));
#1564 = ORIENTED_EDGE('',*,*,#1565,.F.);
#1565 = EDGE_CURVE('',#1517,#1566,#1568,.T.);
#1566 = VERTEX_POINT('',#1567);
#1567 = CARTESIAN_POINT('',(-0.745,0.6,-2.775557561563E-17));
#1568 = LINE('',#1569,#1570);
#1569 = CARTESIAN_POINT('',(-1.,0.6,0.));
#1570 = VECTOR('',#1571,1.);
#1571 = DIRECTION('',(1.,0.,0.));
#1572 = ORIENTED_EDGE('',*,*,#1516,.F.);
#1573 = ORIENTED_EDGE('',*,*,#1410,.T.);
#1574 = ORIENTED_EDGE('',*,*,#1549,.T.);
#1575 = ORIENTED_EDGE('',*,*,#1576,.T.);
#1576 = EDGE_CURVE('',#1542,#1577,#1579,.T.);
#1577 = VERTEX_POINT('',#1578);
#1578 = CARTESIAN_POINT('',(-0.745,0.6,0.45));
#1579 = LINE('',#1580,#1581);
#1580 = CARTESIAN_POINT('',(-1.,0.6,0.45));
#1581 = VECTOR('',#1582,1.);
#1582 = DIRECTION('',(1.,0.,0.));
#1583 = ORIENTED_EDGE('',*,*,#1584,.F.);
#1584 = EDGE_CURVE('',#1585,#1577,#1587,.T.);
#1585 = VERTEX_POINT('',#1586);
#1586 = CARTESIAN_POINT('',(-0.7,0.6,0.405));
#1587 = CIRCLE('',#1588,4.5E-02);
#1588 = AXIS2_PLACEMENT_3D('',#1589,#1590,#1591);
#1589 = CARTESIAN_POINT('',(-0.745,0.6,0.405));
#1590 = DIRECTION('',(0.,-1.,0.));
#1591 = DIRECTION('',(0.,0.,1.));
#1592 = ORIENTED_EDGE('',*,*,#1593,.F.);
#1593 = EDGE_CURVE('',#1594,#1585,#1596,.T.);
#1594 = VERTEX_POINT('',#1595);
#1595 = CARTESIAN_POINT('',(-0.955,0.6,0.405));
#1596 = LINE('',#1597,#1598);
#1597 = CARTESIAN_POINT('',(-0.955,0.6,0.405));
#1598 = VECTOR('',#1599,1.);
#1599 = DIRECTION('',(1.,0.,0.));
#1600 = ORIENTED_EDGE('',*,*,#1601,.F.);
#1601 = EDGE_CURVE('',#1602,#1594,#1604,.T.);
#1602 = VERTEX_POINT('',#1603);
#1603 = CARTESIAN_POINT('',(-0.955,0.6,4.5E-02));
#1604 = LINE('',#1605,#1606);
#1605 = CARTESIAN_POINT('',(-0.955,0.6,4.5E-02));
#1606 = VECTOR('',#1607,1.);
#1607 = DIRECTION('',(0.,0.,1.));
#1608 = ORIENTED_EDGE('',*,*,#1609,.T.);
#1609 = EDGE_CURVE('',#1602,#1610,#1612,.T.);
#1610 = VERTEX_POINT('',#1611);
#1611 = CARTESIAN_POINT('',(-0.7,0.6,4.5E-02));
#1612 = LINE('',#1613,#1614);
#1613 = CARTESIAN_POINT('',(-0.955,0.6,4.5E-02));
#1614 = VECTOR('',#1615,1.);
#1615 = DIRECTION('',(1.,0.,0.));
#1616 = ORIENTED_EDGE('',*,*,#1617,.T.);
#1617 = EDGE_CURVE('',#1610,#1566,#1618,.T.);
#1618 = CIRCLE('',#1619,4.5E-02);
#1619 = AXIS2_PLACEMENT_3D('',#1620,#1621,#1622);
#1620 = CARTESIAN_POINT('',(-0.745,0.6,4.5E-02));
#1621 = DIRECTION('',(0.,1.,0.));
#1622 = DIRECTION('',(0.,-0.,1.));
#1623 = PLANE('',#1624);
#1624 = AXIS2_PLACEMENT_3D('',#1625,#1626,#1627);
#1625 = CARTESIAN_POINT('',(-1.,0.6,0.));
#1626 = DIRECTION('',(0.,1.,0.));
#1627 = DIRECTION('',(0.,-0.,1.));
#1628 = ADVANCED_FACE('',(#1629),#1640,.F.);
#1629 = FACE_BOUND('',#1630,.F.);
#1630 = EDGE_LOOP('',(#1631,#1632,#1633,#1634));
#1631 = ORIENTED_EDGE('',*,*,#1565,.F.);
#1632 = ORIENTED_EDGE('',*,*,#1525,.F.);
#1633 = ORIENTED_EDGE('',*,*,#1432,.T.);
#1634 = ORIENTED_EDGE('',*,*,#1635,.T.);
#1635 = EDGE_CURVE('',#1435,#1566,#1636,.T.);
#1636 = LINE('',#1637,#1638);
#1637 = CARTESIAN_POINT('',(-0.745,-0.6,-2.775557561563E-17));
#1638 = VECTOR('',#1639,1.);
#1639 = DIRECTION('',(0.,1.,0.));
#1640 = PLANE('',#1641);
#1641 = AXIS2_PLACEMENT_3D('',#1642,#1643,#1644);
#1642 = CARTESIAN_POINT('',(-1.,-0.6,0.));
#1643 = DIRECTION('',(0.,0.,1.));
#1644 = DIRECTION('',(1.,0.,-0.));
#1645 = ADVANCED_FACE('',(#1646),#1657,.T.);
#1646 = FACE_BOUND('',#1647,.T.);
#1647 = EDGE_LOOP('',(#1648,#1649,#1650,#1651));
#1648 = ORIENTED_EDGE('',*,*,#1500,.T.);
#1649 = ORIENTED_EDGE('',*,*,#1635,.T.);
#1650 = ORIENTED_EDGE('',*,*,#1617,.F.);
#1651 = ORIENTED_EDGE('',*,*,#1652,.F.);
#1652 = EDGE_CURVE('',#1493,#1610,#1653,.T.);
#1653 = LINE('',#1654,#1655);
#1654 = CARTESIAN_POINT('',(-0.7,-0.6,4.5E-02));
#1655 = VECTOR('',#1656,1.);
#1656 = DIRECTION('',(0.,1.,0.));
#1657 = CYLINDRICAL_SURFACE('',#1658,4.5E-02);
#1658 = AXIS2_PLACEMENT_3D('',#1659,#1660,#1661);
#1659 = CARTESIAN_POINT('',(-0.745,-0.6,4.5E-02));
#1660 = DIRECTION('',(0.,1.,0.));
#1661 = DIRECTION('',(1.,0.,0.));
#1662 = ADVANCED_FACE('',(#1663),#1706,.F.);
#1663 = FACE_BOUND('',#1664,.F.);
#1664 = EDGE_LOOP('',(#1665,#1666,#1667,#1668,#1676,#1684,#1692,#1700));
#1665 = ORIENTED_EDGE('',*,*,#1492,.F.);
#1666 = ORIENTED_EDGE('',*,*,#1484,.T.);
#1667 = ORIENTED_EDGE('',*,*,#1476,.T.);
#1668 = ORIENTED_EDGE('',*,*,#1669,.T.);
#1669 = EDGE_CURVE('',#1468,#1670,#1672,.T.);
#1670 = VERTEX_POINT('',#1671);
#1671 = CARTESIAN_POINT('',(0.7,-0.6,0.405));
#1672 = LINE('',#1673,#1674);
#1673 = CARTESIAN_POINT('',(-0.7,-0.6,0.405));
#1674 = VECTOR('',#1675,1.);
#1675 = DIRECTION('',(1.,0.,0.));
#1676 = ORIENTED_EDGE('',*,*,#1677,.T.);
#1677 = EDGE_CURVE('',#1670,#1678,#1680,.T.);
#1678 = VERTEX_POINT('',#1679);
#1679 = CARTESIAN_POINT('',(0.955,-0.6,0.405));
#1680 = LINE('',#1681,#1682);
#1681 = CARTESIAN_POINT('',(-0.955,-0.6,0.405));
#1682 = VECTOR('',#1683,1.);
#1683 = DIRECTION('',(1.,0.,0.));
#1684 = ORIENTED_EDGE('',*,*,#1685,.F.);
#1685 = EDGE_CURVE('',#1686,#1678,#1688,.T.);
#1686 = VERTEX_POINT('',#1687);
#1687 = CARTESIAN_POINT('',(0.955,-0.6,4.5E-02));
#1688 = LINE('',#1689,#1690);
#1689 = CARTESIAN_POINT('',(0.955,-0.6,4.5E-02));
#1690 = VECTOR('',#1691,1.);
#1691 = DIRECTION('',(0.,0.,1.));
#1692 = ORIENTED_EDGE('',*,*,#1693,.F.);
#1693 = EDGE_CURVE('',#1694,#1686,#1696,.T.);
#1694 = VERTEX_POINT('',#1695);
#1695 = CARTESIAN_POINT('',(0.7,-0.6,4.5E-02));
#1696 = LINE('',#1697,#1698);
#1697 = CARTESIAN_POINT('',(-0.955,-0.6,4.5E-02));
#1698 = VECTOR('',#1699,1.);
#1699 = DIRECTION('',(1.,0.,0.));
#1700 = ORIENTED_EDGE('',*,*,#1701,.F.);
#1701 = EDGE_CURVE('',#1493,#1694,#1702,.T.);
#1702 = LINE('',#1703,#1704);
#1703 = CARTESIAN_POINT('',(-0.955,-0.6,4.5E-02));
#1704 = VECTOR('',#1705,1.);
#1705 = DIRECTION('',(1.,0.,0.));
#1706 = PLANE('',#1707);
#1707 = AXIS2_PLACEMENT_3D('',#1708,#1709,#1710);
#1708 = CARTESIAN_POINT('',(-0.955,-0.6,4.5E-02));
#1709 = DIRECTION('',(0.,1.,0.));
#1710 = DIRECTION('',(0.,-0.,1.));
#1711 = ADVANCED_FACE('',(#1712),#1723,.T.);
#1712 = FACE_BOUND('',#1713,.T.);
#1713 = EDGE_LOOP('',(#1714,#1715,#1716,#1717));
#1714 = ORIENTED_EDGE('',*,*,#1576,.F.);
#1715 = ORIENTED_EDGE('',*,*,#1541,.F.);
#1716 = ORIENTED_EDGE('',*,*,#1459,.T.);
#1717 = ORIENTED_EDGE('',*,*,#1718,.T.);
#1718 = EDGE_CURVE('',#1460,#1577,#1719,.T.);
#1719 = LINE('',#1720,#1721);
#1720 = CARTESIAN_POINT('',(-0.745,-0.6,0.45));
#1721 = VECTOR('',#1722,1.);
#1722 = DIRECTION('',(0.,1.,0.));
#1723 = PLANE('',#1724);
#1724 = AXIS2_PLACEMENT_3D('',#1725,#1726,#1727);
#1725 = CARTESIAN_POINT('',(-1.,-0.6,0.45));
#1726 = DIRECTION('',(0.,0.,1.));
#1727 = DIRECTION('',(1.,0.,-0.));
#1728 = ADVANCED_FACE('',(#1729),#1740,.T.);
#1729 = FACE_BOUND('',#1730,.T.);
#1730 = EDGE_LOOP('',(#1731,#1737,#1738,#1739));
#1731 = ORIENTED_EDGE('',*,*,#1732,.T.);
#1732 = EDGE_CURVE('',#1468,#1585,#1733,.T.);
#1733 = LINE('',#1734,#1735);
#1734 = CARTESIAN_POINT('',(-0.7,-0.6,0.405));
#1735 = VECTOR('',#1736,1.);
#1736 = DIRECTION('',(0.,1.,0.));
#1737 = ORIENTED_EDGE('',*,*,#1584,.T.);
#1738 = ORIENTED_EDGE('',*,*,#1718,.F.);
#1739 = ORIENTED_EDGE('',*,*,#1467,.F.);
#1740 = CYLINDRICAL_SURFACE('',#1741,4.5E-02);
#1741 = AXIS2_PLACEMENT_3D('',#1742,#1743,#1744);
#1742 = CARTESIAN_POINT('',(-0.745,-0.6,0.405));
#1743 = DIRECTION('',(0.,1.,0.));
#1744 = DIRECTION('',(1.,0.,0.));
#1745 = ADVANCED_FACE('',(#1746),#1789,.T.);
#1746 = FACE_BOUND('',#1747,.T.);
#1747 = EDGE_LOOP('',(#1748,#1749,#1750,#1751,#1759,#1767,#1775,#1783));
#1748 = ORIENTED_EDGE('',*,*,#1609,.F.);
#1749 = ORIENTED_EDGE('',*,*,#1601,.T.);
#1750 = ORIENTED_EDGE('',*,*,#1593,.T.);
#1751 = ORIENTED_EDGE('',*,*,#1752,.T.);
#1752 = EDGE_CURVE('',#1585,#1753,#1755,.T.);
#1753 = VERTEX_POINT('',#1754);
#1754 = CARTESIAN_POINT('',(0.7,0.6,0.405));
#1755 = LINE('',#1756,#1757);
#1756 = CARTESIAN_POINT('',(-0.7,0.6,0.405));
#1757 = VECTOR('',#1758,1.);
#1758 = DIRECTION('',(1.,0.,0.));
#1759 = ORIENTED_EDGE('',*,*,#1760,.T.);
#1760 = EDGE_CURVE('',#1753,#1761,#1763,.T.);
#1761 = VERTEX_POINT('',#1762);
#1762 = CARTESIAN_POINT('',(0.955,0.6,0.405));
#1763 = LINE('',#1764,#1765);
#1764 = CARTESIAN_POINT('',(-0.955,0.6,0.405));
#1765 = VECTOR('',#1766,1.);
#1766 = DIRECTION('',(1.,0.,0.));
#1767 = ORIENTED_EDGE('',*,*,#1768,.F.);
#1768 = EDGE_CURVE('',#1769,#1761,#1771,.T.);
#1769 = VERTEX_POINT('',#1770);
#1770 = CARTESIAN_POINT('',(0.955,0.6,4.5E-02));
#1771 = LINE('',#1772,#1773);
#1772 = CARTESIAN_POINT('',(0.955,0.6,4.5E-02));
#1773 = VECTOR('',#1774,1.);
#1774 = DIRECTION('',(0.,0.,1.));
#1775 = ORIENTED_EDGE('',*,*,#1776,.F.);
#1776 = EDGE_CURVE('',#1777,#1769,#1779,.T.);
#1777 = VERTEX_POINT('',#1778);
#1778 = CARTESIAN_POINT('',(0.7,0.6,4.5E-02));
#1779 = LINE('',#1780,#1781);
#1780 = CARTESIAN_POINT('',(-0.955,0.6,4.5E-02));
#1781 = VECTOR('',#1782,1.);
#1782 = DIRECTION('',(1.,0.,0.));
#1783 = ORIENTED_EDGE('',*,*,#1784,.F.);
#1784 = EDGE_CURVE('',#1610,#1777,#1785,.T.);
#1785 = LINE('',#1786,#1787);
#1786 = CARTESIAN_POINT('',(-0.955,0.6,4.5E-02));
#1787 = VECTOR('',#1788,1.);
#1788 = DIRECTION('',(1.,0.,0.));
#1789 = PLANE('',#1790);
#1790 = AXIS2_PLACEMENT_3D('',#1791,#1792,#1793);
#1791 = CARTESIAN_POINT('',(-0.955,0.6,4.5E-02));
#1792 = DIRECTION('',(0.,1.,0.));
#1793 = DIRECTION('',(0.,-0.,1.));
#1794 = ADVANCED_FACE('',(#1795),#1806,.F.);
#1795 = FACE_BOUND('',#1796,.F.);
#1796 = EDGE_LOOP('',(#1797,#1798,#1799,#1805));
#1797 = ORIENTED_EDGE('',*,*,#1652,.F.);
#1798 = ORIENTED_EDGE('',*,*,#1701,.T.);
#1799 = ORIENTED_EDGE('',*,*,#1800,.T.);
#1800 = EDGE_CURVE('',#1694,#1777,#1801,.T.);
#1801 = LINE('',#1802,#1803);
#1802 = CARTESIAN_POINT('',(0.7,-0.6,4.5E-02));
#1803 = VECTOR('',#1804,1.);
#1804 = DIRECTION('',(0.,1.,0.));
#1805 = ORIENTED_EDGE('',*,*,#1784,.F.);
#1806 = PLANE('',#1807);
#1807 = AXIS2_PLACEMENT_3D('',#1808,#1809,#1810);
#1808 = CARTESIAN_POINT('',(-0.955,-0.6,4.5E-02));
#1809 = DIRECTION('',(0.,0.,1.));
#1810 = DIRECTION('',(1.,0.,-0.));
#1811 = ADVANCED_FACE('',(#1812),#1875,.F.);
#1812 = FACE_BOUND('',#1813,.F.);
#1813 = EDGE_LOOP('',(#1814,#1824,#1831,#1832,#1833,#1834,#1843,#1851,
    #1860,#1868));
#1814 = ORIENTED_EDGE('',*,*,#1815,.F.);
#1815 = EDGE_CURVE('',#1816,#1818,#1820,.T.);
#1816 = VERTEX_POINT('',#1817);
#1817 = CARTESIAN_POINT('',(0.745,-0.6,-2.775557561563E-17));
#1818 = VERTEX_POINT('',#1819);
#1819 = CARTESIAN_POINT('',(0.955,-0.6,-2.775557561563E-17));
#1820 = LINE('',#1821,#1822);
#1821 = CARTESIAN_POINT('',(0.7,-0.6,0.));
#1822 = VECTOR('',#1823,1.);
#1823 = DIRECTION('',(1.,0.,0.));
#1824 = ORIENTED_EDGE('',*,*,#1825,.F.);
#1825 = EDGE_CURVE('',#1694,#1816,#1826,.T.);
#1826 = CIRCLE('',#1827,4.5E-02);
#1827 = AXIS2_PLACEMENT_3D('',#1828,#1829,#1830);
#1828 = CARTESIAN_POINT('',(0.745,-0.6,4.5E-02));
#1829 = DIRECTION('',(0.,-1.,0.));
#1830 = DIRECTION('',(0.,0.,1.));
#1831 = ORIENTED_EDGE('',*,*,#1693,.T.);
#1832 = ORIENTED_EDGE('',*,*,#1685,.T.);
#1833 = ORIENTED_EDGE('',*,*,#1677,.F.);
#1834 = ORIENTED_EDGE('',*,*,#1835,.T.);
#1835 = EDGE_CURVE('',#1670,#1836,#1838,.T.);
#1836 = VERTEX_POINT('',#1837);
#1837 = CARTESIAN_POINT('',(0.745,-0.6,0.45));
#1838 = CIRCLE('',#1839,4.5E-02);
#1839 = AXIS2_PLACEMENT_3D('',#1840,#1841,#1842);
#1840 = CARTESIAN_POINT('',(0.745,-0.6,0.405));
#1841 = DIRECTION('',(0.,1.,0.));
#1842 = DIRECTION('',(0.,-0.,1.));
#1843 = ORIENTED_EDGE('',*,*,#1844,.T.);
#1844 = EDGE_CURVE('',#1836,#1845,#1847,.T.);
#1845 = VERTEX_POINT('',#1846);
#1846 = CARTESIAN_POINT('',(0.955,-0.6,0.45));
#1847 = LINE('',#1848,#1849);
#1848 = CARTESIAN_POINT('',(0.7,-0.6,0.45));
#1849 = VECTOR('',#1850,1.);
#1850 = DIRECTION('',(1.,0.,0.));
#1851 = ORIENTED_EDGE('',*,*,#1852,.F.);
#1852 = EDGE_CURVE('',#1853,#1845,#1855,.T.);
#1853 = VERTEX_POINT('',#1854);
#1854 = CARTESIAN_POINT('',(1.,-0.6,0.405));
#1855 = CIRCLE('',#1856,4.5E-02);
#1856 = AXIS2_PLACEMENT_3D('',#1857,#1858,#1859);
#1857 = CARTESIAN_POINT('',(0.955,-0.6,0.405));
#1858 = DIRECTION('',(0.,-1.,0.));
#1859 = DIRECTION('',(0.,0.,1.));
#1860 = ORIENTED_EDGE('',*,*,#1861,.F.);
#1861 = EDGE_CURVE('',#1862,#1853,#1864,.T.);
#1862 = VERTEX_POINT('',#1863);
#1863 = CARTESIAN_POINT('',(1.,-0.6,4.5E-02));
#1864 = LINE('',#1865,#1866);
#1865 = CARTESIAN_POINT('',(1.,-0.6,0.));
#1866 = VECTOR('',#1867,1.);
#1867 = DIRECTION('',(0.,0.,1.));
#1868 = ORIENTED_EDGE('',*,*,#1869,.T.);
#1869 = EDGE_CURVE('',#1862,#1818,#1870,.T.);
#1870 = CIRCLE('',#1871,4.5E-02);
#1871 = AXIS2_PLACEMENT_3D('',#1872,#1873,#1874);
#1872 = CARTESIAN_POINT('',(0.955,-0.6,4.5E-02));
#1873 = DIRECTION('',(0.,1.,0.));
#1874 = DIRECTION('',(0.,-0.,1.));
#1875 = PLANE('',#1876);
#1876 = AXIS2_PLACEMENT_3D('',#1877,#1878,#1879);
#1877 = CARTESIAN_POINT('',(0.7,-0.6,0.));
#1878 = DIRECTION('',(0.,1.,0.));
#1879 = DIRECTION('',(0.,-0.,1.));
#1880 = ADVANCED_FACE('',(#1881),#1906,.F.);
#1881 = FACE_BOUND('',#1882,.F.);
#1882 = EDGE_LOOP('',(#1883,#1884,#1892,#1900));
#1883 = ORIENTED_EDGE('',*,*,#1669,.F.);
#1884 = ORIENTED_EDGE('',*,*,#1885,.T.);
#1885 = EDGE_CURVE('',#1468,#1886,#1888,.T.);
#1886 = VERTEX_POINT('',#1887);
#1887 = CARTESIAN_POINT('',(-0.7,-0.6,0.45));
#1888 = LINE('',#1889,#1890);
#1889 = CARTESIAN_POINT('',(-0.7,-0.6,0.405));
#1890 = VECTOR('',#1891,1.);
#1891 = DIRECTION('',(0.,0.,1.));
#1892 = ORIENTED_EDGE('',*,*,#1893,.T.);
#1893 = EDGE_CURVE('',#1886,#1894,#1896,.T.);
#1894 = VERTEX_POINT('',#1895);
#1895 = CARTESIAN_POINT('',(0.7,-0.6,0.45));
#1896 = LINE('',#1897,#1898);
#1897 = CARTESIAN_POINT('',(-0.7,-0.6,0.45));
#1898 = VECTOR('',#1899,1.);
#1899 = DIRECTION('',(1.,0.,0.));
#1900 = ORIENTED_EDGE('',*,*,#1901,.F.);
#1901 = EDGE_CURVE('',#1670,#1894,#1902,.T.);
#1902 = LINE('',#1903,#1904);
#1903 = CARTESIAN_POINT('',(0.7,-0.6,0.405));
#1904 = VECTOR('',#1905,1.);
#1905 = DIRECTION('',(0.,0.,1.));
#1906 = PLANE('',#1907);
#1907 = AXIS2_PLACEMENT_3D('',#1908,#1909,#1910);
#1908 = CARTESIAN_POINT('',(-0.7,-0.6,0.405));
#1909 = DIRECTION('',(0.,1.,0.));
#1910 = DIRECTION('',(0.,-0.,1.));
#1911 = ADVANCED_FACE('',(#1912),#1930,.F.);
#1912 = FACE_BOUND('',#1913,.F.);
#1913 = EDGE_LOOP('',(#1914,#1915,#1916,#1924));
#1914 = ORIENTED_EDGE('',*,*,#1885,.F.);
#1915 = ORIENTED_EDGE('',*,*,#1732,.T.);
#1916 = ORIENTED_EDGE('',*,*,#1917,.T.);
#1917 = EDGE_CURVE('',#1585,#1918,#1920,.T.);
#1918 = VERTEX_POINT('',#1919);
#1919 = CARTESIAN_POINT('',(-0.7,0.6,0.45));
#1920 = LINE('',#1921,#1922);
#1921 = CARTESIAN_POINT('',(-0.7,0.6,0.405));
#1922 = VECTOR('',#1923,1.);
#1923 = DIRECTION('',(0.,0.,1.));
#1924 = ORIENTED_EDGE('',*,*,#1925,.F.);
#1925 = EDGE_CURVE('',#1886,#1918,#1926,.T.);
#1926 = LINE('',#1927,#1928);
#1927 = CARTESIAN_POINT('',(-0.7,-0.6,0.45));
#1928 = VECTOR('',#1929,1.);
#1929 = DIRECTION('',(0.,1.,0.));
#1930 = PLANE('',#1931);
#1931 = AXIS2_PLACEMENT_3D('',#1932,#1933,#1934);
#1932 = CARTESIAN_POINT('',(-0.7,-0.6,0.405));
#1933 = DIRECTION('',(1.,0.,0.));
#1934 = DIRECTION('',(0.,0.,1.));
#1935 = ADVANCED_FACE('',(#1936),#1999,.T.);
#1936 = FACE_BOUND('',#1937,.T.);
#1937 = EDGE_LOOP('',(#1938,#1948,#1955,#1956,#1957,#1958,#1967,#1975,
    #1984,#1992));
#1938 = ORIENTED_EDGE('',*,*,#1939,.F.);
#1939 = EDGE_CURVE('',#1940,#1942,#1944,.T.);
#1940 = VERTEX_POINT('',#1941);
#1941 = CARTESIAN_POINT('',(0.745,0.6,-2.775557561563E-17));
#1942 = VERTEX_POINT('',#1943);
#1943 = CARTESIAN_POINT('',(0.955,0.6,-2.775557561563E-17));
#1944 = LINE('',#1945,#1946);
#1945 = CARTESIAN_POINT('',(0.7,0.6,0.));
#1946 = VECTOR('',#1947,1.);
#1947 = DIRECTION('',(1.,0.,0.));
#1948 = ORIENTED_EDGE('',*,*,#1949,.F.);
#1949 = EDGE_CURVE('',#1777,#1940,#1950,.T.);
#1950 = CIRCLE('',#1951,4.5E-02);
#1951 = AXIS2_PLACEMENT_3D('',#1952,#1953,#1954);
#1952 = CARTESIAN_POINT('',(0.745,0.6,4.5E-02));
#1953 = DIRECTION('',(0.,-1.,0.));
#1954 = DIRECTION('',(0.,0.,1.));
#1955 = ORIENTED_EDGE('',*,*,#1776,.T.);
#1956 = ORIENTED_EDGE('',*,*,#1768,.T.);
#1957 = ORIENTED_EDGE('',*,*,#1760,.F.);
#1958 = ORIENTED_EDGE('',*,*,#1959,.T.);
#1959 = EDGE_CURVE('',#1753,#1960,#1962,.T.);
#1960 = VERTEX_POINT('',#1961);
#1961 = CARTESIAN_POINT('',(0.745,0.6,0.45));
#1962 = CIRCLE('',#1963,4.5E-02);
#1963 = AXIS2_PLACEMENT_3D('',#1964,#1965,#1966);
#1964 = CARTESIAN_POINT('',(0.745,0.6,0.405));
#1965 = DIRECTION('',(0.,1.,0.));
#1966 = DIRECTION('',(0.,-0.,1.));
#1967 = ORIENTED_EDGE('',*,*,#1968,.T.);
#1968 = EDGE_CURVE('',#1960,#1969,#1971,.T.);
#1969 = VERTEX_POINT('',#1970);
#1970 = CARTESIAN_POINT('',(0.955,0.6,0.45));
#1971 = LINE('',#1972,#1973);
#1972 = CARTESIAN_POINT('',(0.7,0.6,0.45));
#1973 = VECTOR('',#1974,1.);
#1974 = DIRECTION('',(1.,0.,0.));
#1975 = ORIENTED_EDGE('',*,*,#1976,.F.);
#1976 = EDGE_CURVE('',#1977,#1969,#1979,.T.);
#1977 = VERTEX_POINT('',#1978);
#1978 = CARTESIAN_POINT('',(1.,0.6,0.405));
#1979 = CIRCLE('',#1980,4.5E-02);
#1980 = AXIS2_PLACEMENT_3D('',#1981,#1982,#1983);
#1981 = CARTESIAN_POINT('',(0.955,0.6,0.405));
#1982 = DIRECTION('',(0.,-1.,0.));
#1983 = DIRECTION('',(0.,0.,1.));
#1984 = ORIENTED_EDGE('',*,*,#1985,.F.);
#1985 = EDGE_CURVE('',#1986,#1977,#1988,.T.);
#1986 = VERTEX_POINT('',#1987);
#1987 = CARTESIAN_POINT('',(1.,0.6,4.5E-02));
#1988 = LINE('',#1989,#1990);
#1989 = CARTESIAN_POINT('',(1.,0.6,0.));
#1990 = VECTOR('',#1991,1.);
#1991 = DIRECTION('',(0.,0.,1.));
#1992 = ORIENTED_EDGE('',*,*,#1993,.T.);
#1993 = EDGE_CURVE('',#1986,#1942,#1994,.T.);
#1994 = CIRCLE('',#1995,4.5E-02);
#1995 = AXIS2_PLACEMENT_3D('',#1996,#1997,#1998);
#1996 = CARTESIAN_POINT('',(0.955,0.6,4.5E-02));
#1997 = DIRECTION('',(0.,1.,0.));
#1998 = DIRECTION('',(0.,-0.,1.));
#1999 = PLANE('',#2000);
#2000 = AXIS2_PLACEMENT_3D('',#2001,#2002,#2003);
#2001 = CARTESIAN_POINT('',(0.7,0.6,0.));
#2002 = DIRECTION('',(0.,1.,0.));
#2003 = DIRECTION('',(0.,-0.,1.));
#2004 = ADVANCED_FACE('',(#2005),#2023,.T.);
#2005 = FACE_BOUND('',#2006,.T.);
#2006 = EDGE_LOOP('',(#2007,#2008,#2009,#2017));
#2007 = ORIENTED_EDGE('',*,*,#1752,.F.);
#2008 = ORIENTED_EDGE('',*,*,#1917,.T.);
#2009 = ORIENTED_EDGE('',*,*,#2010,.T.);
#2010 = EDGE_CURVE('',#1918,#2011,#2013,.T.);
#2011 = VERTEX_POINT('',#2012);
#2012 = CARTESIAN_POINT('',(0.7,0.6,0.45));
#2013 = LINE('',#2014,#2015);
#2014 = CARTESIAN_POINT('',(-0.7,0.6,0.45));
#2015 = VECTOR('',#2016,1.);
#2016 = DIRECTION('',(1.,0.,0.));
#2017 = ORIENTED_EDGE('',*,*,#2018,.F.);
#2018 = EDGE_CURVE('',#1753,#2011,#2019,.T.);
#2019 = LINE('',#2020,#2021);
#2020 = CARTESIAN_POINT('',(0.7,0.6,0.405));
#2021 = VECTOR('',#2022,1.);
#2022 = DIRECTION('',(0.,0.,1.));
#2023 = PLANE('',#2024);
#2024 = AXIS2_PLACEMENT_3D('',#2025,#2026,#2027);
#2025 = CARTESIAN_POINT('',(-0.7,0.6,0.405));
#2026 = DIRECTION('',(0.,1.,0.));
#2027 = DIRECTION('',(0.,-0.,1.));
#2028 = ADVANCED_FACE('',(#2029),#2040,.T.);
#2029 = FACE_BOUND('',#2030,.T.);
#2030 = EDGE_LOOP('',(#2031,#2032,#2033,#2039));
#2031 = ORIENTED_EDGE('',*,*,#1800,.T.);
#2032 = ORIENTED_EDGE('',*,*,#1949,.T.);
#2033 = ORIENTED_EDGE('',*,*,#2034,.F.);
#2034 = EDGE_CURVE('',#1816,#1940,#2035,.T.);
#2035 = LINE('',#2036,#2037);
#2036 = CARTESIAN_POINT('',(0.745,-0.6,-2.775557561563E-17));
#2037 = VECTOR('',#2038,1.);
#2038 = DIRECTION('',(0.,1.,0.));
#2039 = ORIENTED_EDGE('',*,*,#1825,.F.);
#2040 = CYLINDRICAL_SURFACE('',#2041,4.5E-02);
#2041 = AXIS2_PLACEMENT_3D('',#2042,#2043,#2044);
#2042 = CARTESIAN_POINT('',(0.745,-0.6,4.5E-02));
#2043 = DIRECTION('',(0.,1.,0.));
#2044 = DIRECTION('',(-1.,0.,0.));
#2045 = ADVANCED_FACE('',(#2046),#2057,.F.);
#2046 = FACE_BOUND('',#2047,.F.);
#2047 = EDGE_LOOP('',(#2048,#2049,#2050,#2051));
#2048 = ORIENTED_EDGE('',*,*,#1939,.F.);
#2049 = ORIENTED_EDGE('',*,*,#2034,.F.);
#2050 = ORIENTED_EDGE('',*,*,#1815,.T.);
#2051 = ORIENTED_EDGE('',*,*,#2052,.T.);
#2052 = EDGE_CURVE('',#1818,#1942,#2053,.T.);
#2053 = LINE('',#2054,#2055);
#2054 = CARTESIAN_POINT('',(0.955,-0.6,-2.775557561563E-17));
#2055 = VECTOR('',#2056,1.);
#2056 = DIRECTION('',(0.,1.,0.));
#2057 = PLANE('',#2058);
#2058 = AXIS2_PLACEMENT_3D('',#2059,#2060,#2061);
#2059 = CARTESIAN_POINT('',(0.7,-0.6,0.));
#2060 = DIRECTION('',(0.,0.,1.));
#2061 = DIRECTION('',(1.,0.,-0.));
#2062 = ADVANCED_FACE('',(#2063),#2074,.T.);
#2063 = FACE_BOUND('',#2064,.T.);
#2064 = EDGE_LOOP('',(#2065,#2066,#2067,#2068));
#2065 = ORIENTED_EDGE('',*,*,#1869,.T.);
#2066 = ORIENTED_EDGE('',*,*,#2052,.T.);
#2067 = ORIENTED_EDGE('',*,*,#1993,.F.);
#2068 = ORIENTED_EDGE('',*,*,#2069,.F.);
#2069 = EDGE_CURVE('',#1862,#1986,#2070,.T.);
#2070 = LINE('',#2071,#2072);
#2071 = CARTESIAN_POINT('',(1.,-0.6,4.5E-02));
#2072 = VECTOR('',#2073,1.);
#2073 = DIRECTION('',(0.,1.,0.));
#2074 = CYLINDRICAL_SURFACE('',#2075,4.5E-02);
#2075 = AXIS2_PLACEMENT_3D('',#2076,#2077,#2078);
#2076 = CARTESIAN_POINT('',(0.955,-0.6,4.5E-02));
#2077 = DIRECTION('',(0.,1.,0.));
#2078 = DIRECTION('',(1.,0.,0.));
#2079 = ADVANCED_FACE('',(#2080),#2091,.T.);
#2080 = FACE_BOUND('',#2081,.T.);
#2081 = EDGE_LOOP('',(#2082,#2083,#2084,#2085));
#2082 = ORIENTED_EDGE('',*,*,#1861,.F.);
#2083 = ORIENTED_EDGE('',*,*,#2069,.T.);
#2084 = ORIENTED_EDGE('',*,*,#1985,.T.);
#2085 = ORIENTED_EDGE('',*,*,#2086,.F.);
#2086 = EDGE_CURVE('',#1853,#1977,#2087,.T.);
#2087 = LINE('',#2088,#2089);
#2088 = CARTESIAN_POINT('',(1.,-0.6,0.405));
#2089 = VECTOR('',#2090,1.);
#2090 = DIRECTION('',(0.,1.,0.));
#2091 = PLANE('',#2092);
#2092 = AXIS2_PLACEMENT_3D('',#2093,#2094,#2095);
#2093 = CARTESIAN_POINT('',(1.,-0.6,0.));
#2094 = DIRECTION('',(1.,0.,0.));
#2095 = DIRECTION('',(0.,0.,1.));
#2096 = ADVANCED_FACE('',(#2097),#2108,.T.);
#2097 = FACE_BOUND('',#2098,.T.);
#2098 = EDGE_LOOP('',(#2099,#2100,#2101,#2107));
#2099 = ORIENTED_EDGE('',*,*,#2086,.T.);
#2100 = ORIENTED_EDGE('',*,*,#1976,.T.);
#2101 = ORIENTED_EDGE('',*,*,#2102,.F.);
#2102 = EDGE_CURVE('',#1845,#1969,#2103,.T.);
#2103 = LINE('',#2104,#2105);
#2104 = CARTESIAN_POINT('',(0.955,-0.6,0.45));
#2105 = VECTOR('',#2106,1.);
#2106 = DIRECTION('',(0.,1.,0.));
#2107 = ORIENTED_EDGE('',*,*,#1852,.F.);
#2108 = CYLINDRICAL_SURFACE('',#2109,4.5E-02);
#2109 = AXIS2_PLACEMENT_3D('',#2110,#2111,#2112);
#2110 = CARTESIAN_POINT('',(0.955,-0.6,0.405));
#2111 = DIRECTION('',(0.,1.,0.));
#2112 = DIRECTION('',(1.,0.,0.));
#2113 = ADVANCED_FACE('',(#2114),#2125,.T.);
#2114 = FACE_BOUND('',#2115,.T.);
#2115 = EDGE_LOOP('',(#2116,#2117,#2123,#2124));
#2116 = ORIENTED_EDGE('',*,*,#1968,.F.);
#2117 = ORIENTED_EDGE('',*,*,#2118,.F.);
#2118 = EDGE_CURVE('',#1836,#1960,#2119,.T.);
#2119 = LINE('',#2120,#2121);
#2120 = CARTESIAN_POINT('',(0.745,-0.6,0.45));
#2121 = VECTOR('',#2122,1.);
#2122 = DIRECTION('',(0.,1.,0.));
#2123 = ORIENTED_EDGE('',*,*,#1844,.T.);
#2124 = ORIENTED_EDGE('',*,*,#2102,.T.);
#2125 = PLANE('',#2126);
#2126 = AXIS2_PLACEMENT_3D('',#2127,#2128,#2129);
#2127 = CARTESIAN_POINT('',(0.7,-0.6,0.45));
#2128 = DIRECTION('',(0.,0.,1.));
#2129 = DIRECTION('',(1.,0.,-0.));
#2130 = ADVANCED_FACE('',(#2131),#2142,.T.);
#2131 = FACE_BOUND('',#2132,.T.);
#2132 = EDGE_LOOP('',(#2133,#2134,#2135,#2136));
#2133 = ORIENTED_EDGE('',*,*,#1835,.T.);
#2134 = ORIENTED_EDGE('',*,*,#2118,.T.);
#2135 = ORIENTED_EDGE('',*,*,#1959,.F.);
#2136 = ORIENTED_EDGE('',*,*,#2137,.F.);
#2137 = EDGE_CURVE('',#1670,#1753,#2138,.T.);
#2138 = LINE('',#2139,#2140);
#2139 = CARTESIAN_POINT('',(0.7,-0.6,0.405));
#2140 = VECTOR('',#2141,1.);
#2141 = DIRECTION('',(0.,1.,0.));
#2142 = CYLINDRICAL_SURFACE('',#2143,4.5E-02);
#2143 = AXIS2_PLACEMENT_3D('',#2144,#2145,#2146);
#2144 = CARTESIAN_POINT('',(0.745,-0.6,0.405));
#2145 = DIRECTION('',(0.,1.,0.));
#2146 = DIRECTION('',(-1.,0.,0.));
#2147 = ADVANCED_FACE('',(#2148),#2159,.T.);
#2148 = FACE_BOUND('',#2149,.T.);
#2149 = EDGE_LOOP('',(#2150,#2151,#2152,#2153));
#2150 = ORIENTED_EDGE('',*,*,#1901,.F.);
#2151 = ORIENTED_EDGE('',*,*,#2137,.T.);
#2152 = ORIENTED_EDGE('',*,*,#2018,.T.);
#2153 = ORIENTED_EDGE('',*,*,#2154,.F.);
#2154 = EDGE_CURVE('',#1894,#2011,#2155,.T.);
#2155 = LINE('',#2156,#2157);
#2156 = CARTESIAN_POINT('',(0.7,-0.6,0.45));
#2157 = VECTOR('',#2158,1.);
#2158 = DIRECTION('',(0.,1.,0.));
#2159 = PLANE('',#2160);
#2160 = AXIS2_PLACEMENT_3D('',#2161,#2162,#2163);
#2161 = CARTESIAN_POINT('',(0.7,-0.6,0.405));
#2162 = DIRECTION('',(1.,0.,0.));
#2163 = DIRECTION('',(0.,0.,1.));
#2164 = ADVANCED_FACE('',(#2165),#2171,.T.);
#2165 = FACE_BOUND('',#2166,.T.);
#2166 = EDGE_LOOP('',(#2167,#2168,#2169,#2170));
#2167 = ORIENTED_EDGE('',*,*,#1925,.F.);
#2168 = ORIENTED_EDGE('',*,*,#1893,.T.);
#2169 = ORIENTED_EDGE('',*,*,#2154,.T.);
#2170 = ORIENTED_EDGE('',*,*,#2010,.F.);
#2171 = PLANE('',#2172);
#2172 = AXIS2_PLACEMENT_3D('',#2173,#2174,#2175);
#2173 = CARTESIAN_POINT('',(-0.7,-0.6,0.45));
#2174 = DIRECTION('',(0.,0.,1.));
#2175 = DIRECTION('',(1.,0.,-0.));
#2176 = ( GEOMETRIC_REPRESENTATION_CONTEXT(3) 
GLOBAL_UNCERTAINTY_ASSIGNED_CONTEXT((#2180)) 
GLOBAL_UNIT_ASSIGNED_CONTEXT((#2177,#2178,#2179)) REPRESENTATION_CONTEXT
('Context #1','3D Context with UNIT and UNCERTAINTY') );
#2177 = ( LENGTH_UNIT() NAMED_UNIT(*) SI_UNIT(.MILLI.,.METRE.) );
#2178 = ( NAMED_UNIT(*) PLANE_ANGLE_UNIT() SI_UNIT($,.RADIAN.) );
#2179 = ( NAMED_UNIT(*) SI_UNIT($,.STERADIAN.) SOLID_ANGLE_UNIT() );
#2180 = UNCERTAINTY_MEASURE_WITH_UNIT(LENGTH_MEASURE(1.E-07),#2177,
  'distance_accuracy_value','confusion accuracy');
#2181 = CONTEXT_DEPENDENT_SHAPE_REPRESENTATION(#2182,#2184);
#2182 = ( REPRESENTATION_RELATIONSHIP('','',#1385,#1362) 
REPRESENTATION_RELATIONSHIP_WITH_TRANSFORMATION(#2183) 
SHAPE_REPRESENTATION_RELATIONSHIP() );
#2183 = ITEM_DEFINED_TRANSFORMATION('','',#11,#1363);
#2184 = PRODUCT_DEFINITION_SHAPE('Placement','Placement of an item',
  #2185);
#2185 = NEXT_ASSEMBLY_USAGE_OCCURRENCE('3','=>[0:1:1:5]','',#1357,#1380,
  $);
#2186 = PRODUCT_RELATED_PRODUCT_CATEGORY('part',$,(#1382));
#2187 = CONTEXT_DEPENDENT_SHAPE_REPRESENTATION(#2188,#2190);
#2188 = ( REPRESENTATION_RELATIONSHIP('','',#1362,#10) 
REPRESENTATION_RELATIONSHIP_WITH_TRANSFORMATION(#2189) 
SHAPE_REPRESENTATION_RELATIONSHIP() );
#2189 = ITEM_DEFINED_TRANSFORMATION('','',#11,#23);
#2190 = PRODUCT_DEFINITION_SHAPE('Placement','Placement of an item',
  #2191);
#2191 = NEXT_ASSEMBLY_USAGE_OCCURRENCE('5','R2','',#5,#1357,$);
#2192 = SHAPE_DEFINITION_REPRESENTATION(#2193,#2199);
#2193 = PRODUCT_DEFINITION_SHAPE('','',#2194);
#2194 = PRODUCT_DEFINITION('design','',#2195,#2198);
#2195 = PRODUCT_DEFINITION_FORMATION('','',#2196);
#2196 = PRODUCT('SAO_Demo_Controller_PCB','SAO_Demo_Controller_PCB','',(
    #2197));
#2197 = PRODUCT_CONTEXT('',#2,'mechanical');
#2198 = PRODUCT_DEFINITION_CONTEXT('part definition',#2,'design');
#2199 = ADVANCED_BREP_SHAPE_REPRESENTATION('',(#11,#2200),#4131);
#2200 = MANIFOLD_SOLID_BREP('',#2201);
#2201 = CLOSED_SHELL('',(#2202,#2244,#2275,#2306,#2813,#3320,#3337,#3354
    ,#3371,#3388,#3400,#3417,#3434,#3451,#3468,#3485,#3502,#3519,#3536,
    #3553,#3570,#3587,#3604,#3621,#3638,#3655,#3672,#3694,#3711,#3728,
    #3745,#3762,#3779,#3796,#3808,#3825,#3842,#3859,#3876,#3893,#3910,
    #3927,#3944,#3961,#3978,#3995,#4012,#4029,#4046,#4063,#4080,#4097,
    #4114));
#2202 = ADVANCED_FACE('',(#2203),#2239,.T.);
#2203 = FACE_BOUND('',#2204,.T.);
#2204 = EDGE_LOOP('',(#2205,#2215,#2224,#2232));
#2205 = ORIENTED_EDGE('',*,*,#2206,.T.);
#2206 = EDGE_CURVE('',#2207,#2209,#2211,.T.);
#2207 = VERTEX_POINT('',#2208);
#2208 = CARTESIAN_POINT('',(121.4882,-114.2251,0.));
#2209 = VERTEX_POINT('',#2210);
#2210 = CARTESIAN_POINT('',(121.4882,-114.2251,1.6));
#2211 = LINE('',#2212,#2213);
#2212 = CARTESIAN_POINT('',(121.4882,-114.2251,0.));
#2213 = VECTOR('',#2214,1.);
#2214 = DIRECTION('',(0.,0.,1.));
#2215 = ORIENTED_EDGE('',*,*,#2216,.T.);
#2216 = EDGE_CURVE('',#2209,#2217,#2219,.T.);
#2217 = VERTEX_POINT('',#2218);
#2218 = CARTESIAN_POINT('',(126.5682,-119.3051,1.6));
#2219 = CIRCLE('',#2220,5.080001531029);
#2220 = AXIS2_PLACEMENT_3D('',#2221,#2222,#2223);
#2221 = CARTESIAN_POINT('',(121.48819846897,-119.305101531,1.6));
#2222 = DIRECTION('',(0.,0.,-1.));
#2223 = DIRECTION('',(3.01383444619E-07,1.,0.));
#2224 = ORIENTED_EDGE('',*,*,#2225,.F.);
#2225 = EDGE_CURVE('',#2226,#2217,#2228,.T.);
#2226 = VERTEX_POINT('',#2227);
#2227 = CARTESIAN_POINT('',(126.5682,-119.3051,0.));
#2228 = LINE('',#2229,#2230);
#2229 = CARTESIAN_POINT('',(126.5682,-119.3051,0.));
#2230 = VECTOR('',#2231,1.);
#2231 = DIRECTION('',(0.,0.,1.));
#2232 = ORIENTED_EDGE('',*,*,#2233,.F.);
#2233 = EDGE_CURVE('',#2207,#2226,#2234,.T.);
#2234 = CIRCLE('',#2235,5.080001531029);
#2235 = AXIS2_PLACEMENT_3D('',#2236,#2237,#2238);
#2236 = CARTESIAN_POINT('',(121.48819846897,-119.305101531,0.));
#2237 = DIRECTION('',(0.,0.,-1.));
#2238 = DIRECTION('',(3.01383444619E-07,1.,0.));
#2239 = CYLINDRICAL_SURFACE('',#2240,5.080001531029);
#2240 = AXIS2_PLACEMENT_3D('',#2241,#2242,#2243);
#2241 = CARTESIAN_POINT('',(121.48819846897,-119.305101531,0.));
#2242 = DIRECTION('',(0.,0.,-1.));
#2243 = DIRECTION('',(3.01383444619E-07,1.,0.));
#2244 = ADVANCED_FACE('',(#2245),#2270,.T.);
#2245 = FACE_BOUND('',#2246,.T.);
#2246 = EDGE_LOOP('',(#2247,#2257,#2263,#2264));
#2247 = ORIENTED_EDGE('',*,*,#2248,.T.);
#2248 = EDGE_CURVE('',#2249,#2251,#2253,.T.);
#2249 = VERTEX_POINT('',#2250);
#2250 = CARTESIAN_POINT('',(93.5482,-114.2251,0.));
#2251 = VERTEX_POINT('',#2252);
#2252 = CARTESIAN_POINT('',(93.5482,-114.2251,1.6));
#2253 = LINE('',#2254,#2255);
#2254 = CARTESIAN_POINT('',(93.5482,-114.2251,0.));
#2255 = VECTOR('',#2256,1.);
#2256 = DIRECTION('',(0.,0.,1.));
#2257 = ORIENTED_EDGE('',*,*,#2258,.T.);
#2258 = EDGE_CURVE('',#2251,#2209,#2259,.T.);
#2259 = LINE('',#2260,#2261);
#2260 = CARTESIAN_POINT('',(93.5482,-114.2251,1.6));
#2261 = VECTOR('',#2262,1.);
#2262 = DIRECTION('',(1.,0.,0.));
#2263 = ORIENTED_EDGE('',*,*,#2206,.F.);
#2264 = ORIENTED_EDGE('',*,*,#2265,.F.);
#2265 = EDGE_CURVE('',#2249,#2207,#2266,.T.);
#2266 = LINE('',#2267,#2268);
#2267 = CARTESIAN_POINT('',(93.5482,-114.2251,0.));
#2268 = VECTOR('',#2269,1.);
#2269 = DIRECTION('',(1.,0.,0.));
#2270 = PLANE('',#2271);
#2271 = AXIS2_PLACEMENT_3D('',#2272,#2273,#2274);
#2272 = CARTESIAN_POINT('',(93.5482,-114.2251,0.));
#2273 = DIRECTION('',(0.,1.,0.));
#2274 = DIRECTION('',(1.,0.,0.));
#2275 = ADVANCED_FACE('',(#2276),#2301,.T.);
#2276 = FACE_BOUND('',#2277,.T.);
#2277 = EDGE_LOOP('',(#2278,#2279,#2287,#2295));
#2278 = ORIENTED_EDGE('',*,*,#2225,.T.);
#2279 = ORIENTED_EDGE('',*,*,#2280,.T.);
#2280 = EDGE_CURVE('',#2217,#2281,#2283,.T.);
#2281 = VERTEX_POINT('',#2282);
#2282 = CARTESIAN_POINT('',(126.5682,-159.9451,1.6));
#2283 = LINE('',#2284,#2285);
#2284 = CARTESIAN_POINT('',(126.5682,-119.3051,1.6));
#2285 = VECTOR('',#2286,1.);
#2286 = DIRECTION('',(0.,-1.,0.));
#2287 = ORIENTED_EDGE('',*,*,#2288,.F.);
#2288 = EDGE_CURVE('',#2289,#2281,#2291,.T.);
#2289 = VERTEX_POINT('',#2290);
#2290 = CARTESIAN_POINT('',(126.5682,-159.9451,0.));
#2291 = LINE('',#2292,#2293);
#2292 = CARTESIAN_POINT('',(126.5682,-159.9451,0.));
#2293 = VECTOR('',#2294,1.);
#2294 = DIRECTION('',(0.,0.,1.));
#2295 = ORIENTED_EDGE('',*,*,#2296,.F.);
#2296 = EDGE_CURVE('',#2226,#2289,#2297,.T.);
#2297 = LINE('',#2298,#2299);
#2298 = CARTESIAN_POINT('',(126.5682,-119.3051,0.));
#2299 = VECTOR('',#2300,1.);
#2300 = DIRECTION('',(0.,-1.,0.));
#2301 = PLANE('',#2302);
#2302 = AXIS2_PLACEMENT_3D('',#2303,#2304,#2305);
#2303 = CARTESIAN_POINT('',(126.5682,-119.3051,0.));
#2304 = DIRECTION('',(1.,0.,-0.));
#2305 = DIRECTION('',(0.,-1.,0.));
#2306 = ADVANCED_FACE('',(#2307,#2353,#2364,#2375,#2386,#2397,#2408,
    #2419,#2430,#2441,#2452,#2463,#2474,#2485,#2496,#2507,#2518,#2529,
    #2599,#2610,#2621,#2632,#2643,#2654,#2665,#2676,#2687,#2698,#2709,
    #2720,#2731,#2742,#2753,#2764,#2775,#2786,#2797),#2808,.F.);
#2307 = FACE_BOUND('',#2308,.F.);
#2308 = EDGE_LOOP('',(#2309,#2310,#2311,#2320,#2328,#2337,#2345,#2352));
#2309 = ORIENTED_EDGE('',*,*,#2233,.F.);
#2310 = ORIENTED_EDGE('',*,*,#2265,.F.);
#2311 = ORIENTED_EDGE('',*,*,#2312,.F.);
#2312 = EDGE_CURVE('',#2313,#2249,#2315,.T.);
#2313 = VERTEX_POINT('',#2314);
#2314 = CARTESIAN_POINT('',(88.4682,-119.3051,0.));
#2315 = CIRCLE('',#2316,5.080001531029);
#2316 = AXIS2_PLACEMENT_3D('',#2317,#2318,#2319);
#2317 = CARTESIAN_POINT('',(93.548201531028,-119.305101531,0.));
#2318 = DIRECTION('',(0.,0.,-1.));
#2319 = DIRECTION('',(-1.,3.013834474164E-07,0.));
#2320 = ORIENTED_EDGE('',*,*,#2321,.F.);
#2321 = EDGE_CURVE('',#2322,#2313,#2324,.T.);
#2322 = VERTEX_POINT('',#2323);
#2323 = CARTESIAN_POINT('',(88.4682,-159.9451,0.));
#2324 = LINE('',#2325,#2326);
#2325 = CARTESIAN_POINT('',(88.4682,-159.9451,0.));
#2326 = VECTOR('',#2327,1.);
#2327 = DIRECTION('',(0.,1.,0.));
#2328 = ORIENTED_EDGE('',*,*,#2329,.F.);
#2329 = EDGE_CURVE('',#2330,#2322,#2332,.T.);
#2330 = VERTEX_POINT('',#2331);
#2331 = CARTESIAN_POINT('',(93.5482,-165.0251,0.));
#2332 = CIRCLE('',#2333,5.080001531029);
#2333 = AXIS2_PLACEMENT_3D('',#2334,#2335,#2336);
#2334 = CARTESIAN_POINT('',(93.548201531028,-159.9450984689,0.));
#2335 = DIRECTION('',(0.,0.,-1.));
#2336 = DIRECTION('',(-3.013834502138E-07,-1.,-0.));
#2337 = ORIENTED_EDGE('',*,*,#2338,.F.);
#2338 = EDGE_CURVE('',#2339,#2330,#2341,.T.);
#2339 = VERTEX_POINT('',#2340);
#2340 = CARTESIAN_POINT('',(121.4882,-165.0251,0.));
#2341 = LINE('',#2342,#2343);
#2342 = CARTESIAN_POINT('',(121.4882,-165.0251,0.));
#2343 = VECTOR('',#2344,1.);
#2344 = DIRECTION('',(-1.,0.,0.));
#2345 = ORIENTED_EDGE('',*,*,#2346,.F.);
#2346 = EDGE_CURVE('',#2289,#2339,#2347,.T.);
#2347 = CIRCLE('',#2348,5.080001531029);
#2348 = AXIS2_PLACEMENT_3D('',#2349,#2350,#2351);
#2349 = CARTESIAN_POINT('',(121.48819846897,-159.9450984689,0.));
#2350 = DIRECTION('',(0.,0.,-1.));
#2351 = DIRECTION('',(1.,-3.013834418216E-07,0.));
#2352 = ORIENTED_EDGE('',*,*,#2296,.F.);
#2353 = FACE_BOUND('',#2354,.F.);
#2354 = EDGE_LOOP('',(#2355));
#2355 = ORIENTED_EDGE('',*,*,#2356,.T.);
#2356 = EDGE_CURVE('',#2357,#2357,#2359,.T.);
#2357 = VERTEX_POINT('',#2358);
#2358 = CARTESIAN_POINT('',(91.0002,-142.5651,0.));
#2359 = CIRCLE('',#2360,0.4);
#2360 = AXIS2_PLACEMENT_3D('',#2361,#2362,#2363);
#2361 = CARTESIAN_POINT('',(91.0002,-142.1651,0.));
#2362 = DIRECTION('',(-0.,0.,-1.));
#2363 = DIRECTION('',(-0.,-1.,0.));
#2364 = FACE_BOUND('',#2365,.F.);
#2365 = EDGE_LOOP('',(#2366));
#2366 = ORIENTED_EDGE('',*,*,#2367,.T.);
#2367 = EDGE_CURVE('',#2368,#2368,#2370,.T.);
#2368 = VERTEX_POINT('',#2369);
#2369 = CARTESIAN_POINT('',(93.5402,-142.5651,0.));
#2370 = CIRCLE('',#2371,0.4);
#2371 = AXIS2_PLACEMENT_3D('',#2372,#2373,#2374);
#2372 = CARTESIAN_POINT('',(93.5402,-142.1651,0.));
#2373 = DIRECTION('',(-0.,0.,-1.));
#2374 = DIRECTION('',(-0.,-1.,0.));
#2375 = FACE_BOUND('',#2376,.F.);
#2376 = EDGE_LOOP('',(#2377));
#2377 = ORIENTED_EDGE('',*,*,#2378,.T.);
#2378 = EDGE_CURVE('',#2379,#2379,#2381,.T.);
#2379 = VERTEX_POINT('',#2380);
#2380 = CARTESIAN_POINT('',(96.0802,-142.5651,0.));
#2381 = CIRCLE('',#2382,0.4);
#2382 = AXIS2_PLACEMENT_3D('',#2383,#2384,#2385);
#2383 = CARTESIAN_POINT('',(96.0802,-142.1651,0.));
#2384 = DIRECTION('',(-0.,0.,-1.));
#2385 = DIRECTION('',(3.5527136788E-14,-1.,-0.));
#2386 = FACE_BOUND('',#2387,.F.);
#2387 = EDGE_LOOP('',(#2388));
#2388 = ORIENTED_EDGE('',*,*,#2389,.T.);
#2389 = EDGE_CURVE('',#2390,#2390,#2392,.T.);
#2390 = VERTEX_POINT('',#2391);
#2391 = CARTESIAN_POINT('',(98.6202,-142.5651,0.));
#2392 = CIRCLE('',#2393,0.4);
#2393 = AXIS2_PLACEMENT_3D('',#2394,#2395,#2396);
#2394 = CARTESIAN_POINT('',(98.6202,-142.1651,0.));
#2395 = DIRECTION('',(-0.,0.,-1.));
#2396 = DIRECTION('',(-3.5527136788E-14,-1.,0.));
#2397 = FACE_BOUND('',#2398,.F.);
#2398 = EDGE_LOOP('',(#2399));
#2399 = ORIENTED_EDGE('',*,*,#2400,.T.);
#2400 = EDGE_CURVE('',#2401,#2401,#2403,.T.);
#2401 = VERTEX_POINT('',#2402);
#2402 = CARTESIAN_POINT('',(104.9782,-160.4023,0.));
#2403 = CIRCLE('',#2404,0.508);
#2404 = AXIS2_PLACEMENT_3D('',#2405,#2406,#2407);
#2405 = CARTESIAN_POINT('',(104.9782,-159.8943,0.));
#2406 = DIRECTION('',(-0.,0.,-1.));
#2407 = DIRECTION('',(-0.,-1.,0.));
#2408 = FACE_BOUND('',#2409,.F.);
#2409 = EDGE_LOOP('',(#2410));
#2410 = ORIENTED_EDGE('',*,*,#2411,.T.);
#2411 = EDGE_CURVE('',#2412,#2412,#2414,.T.);
#2412 = VERTEX_POINT('',#2413);
#2413 = CARTESIAN_POINT('',(104.9782,-157.8623,0.));
#2414 = CIRCLE('',#2415,0.508);
#2415 = AXIS2_PLACEMENT_3D('',#2416,#2417,#2418);
#2416 = CARTESIAN_POINT('',(104.9782,-157.3543,0.));
#2417 = DIRECTION('',(-0.,0.,-1.));
#2418 = DIRECTION('',(-0.,-1.,0.));
#2419 = FACE_BOUND('',#2420,.F.);
#2420 = EDGE_LOOP('',(#2421));
#2421 = ORIENTED_EDGE('',*,*,#2422,.T.);
#2422 = EDGE_CURVE('',#2423,#2423,#2425,.T.);
#2423 = VERTEX_POINT('',#2424);
#2424 = CARTESIAN_POINT('',(107.5182,-160.4023,0.));
#2425 = CIRCLE('',#2426,0.508);
#2426 = AXIS2_PLACEMENT_3D('',#2427,#2428,#2429);
#2427 = CARTESIAN_POINT('',(107.5182,-159.8943,0.));
#2428 = DIRECTION('',(-0.,0.,-1.));
#2429 = DIRECTION('',(-2.797412345512E-14,-1.,0.));
#2430 = FACE_BOUND('',#2431,.F.);
#2431 = EDGE_LOOP('',(#2432));
#2432 = ORIENTED_EDGE('',*,*,#2433,.T.);
#2433 = EDGE_CURVE('',#2434,#2434,#2436,.T.);
#2434 = VERTEX_POINT('',#2435);
#2435 = CARTESIAN_POINT('',(107.5182,-157.8623,0.));
#2436 = CIRCLE('',#2437,0.508);
#2437 = AXIS2_PLACEMENT_3D('',#2438,#2439,#2440);
#2438 = CARTESIAN_POINT('',(107.5182,-157.3543,0.));
#2439 = DIRECTION('',(-0.,0.,-1.));
#2440 = DIRECTION('',(-2.797412345512E-14,-1.,0.));
#2441 = FACE_BOUND('',#2442,.F.);
#2442 = EDGE_LOOP('',(#2443));
#2443 = ORIENTED_EDGE('',*,*,#2444,.T.);
#2444 = EDGE_CURVE('',#2445,#2445,#2447,.T.);
#2445 = VERTEX_POINT('',#2446);
#2446 = CARTESIAN_POINT('',(110.0582,-160.4023,0.));
#2447 = CIRCLE('',#2448,0.508);
#2448 = AXIS2_PLACEMENT_3D('',#2449,#2450,#2451);
#2449 = CARTESIAN_POINT('',(110.0582,-159.8943,0.));
#2450 = DIRECTION('',(-0.,0.,-1.));
#2451 = DIRECTION('',(-0.,-1.,0.));
#2452 = FACE_BOUND('',#2453,.F.);
#2453 = EDGE_LOOP('',(#2454));
#2454 = ORIENTED_EDGE('',*,*,#2455,.T.);
#2455 = EDGE_CURVE('',#2456,#2456,#2458,.T.);
#2456 = VERTEX_POINT('',#2457);
#2457 = CARTESIAN_POINT('',(110.0582,-157.8623,0.));
#2458 = CIRCLE('',#2459,0.508);
#2459 = AXIS2_PLACEMENT_3D('',#2460,#2461,#2462);
#2460 = CARTESIAN_POINT('',(110.0582,-157.3543,0.));
#2461 = DIRECTION('',(-0.,0.,-1.));
#2462 = DIRECTION('',(-0.,-1.,0.));
#2463 = FACE_BOUND('',#2464,.F.);
#2464 = EDGE_LOOP('',(#2465));
#2465 = ORIENTED_EDGE('',*,*,#2466,.T.);
#2466 = EDGE_CURVE('',#2467,#2467,#2469,.T.);
#2467 = VERTEX_POINT('',#2468);
#2468 = CARTESIAN_POINT('',(101.1602,-142.5651,0.));
#2469 = CIRCLE('',#2470,0.4);
#2470 = AXIS2_PLACEMENT_3D('',#2471,#2472,#2473);
#2471 = CARTESIAN_POINT('',(101.1602,-142.1651,0.));
#2472 = DIRECTION('',(-0.,0.,-1.));
#2473 = DIRECTION('',(-0.,-1.,0.));
#2474 = FACE_BOUND('',#2475,.F.);
#2475 = EDGE_LOOP('',(#2476));
#2476 = ORIENTED_EDGE('',*,*,#2477,.T.);
#2477 = EDGE_CURVE('',#2478,#2478,#2480,.T.);
#2478 = VERTEX_POINT('',#2479);
#2479 = CARTESIAN_POINT('',(103.7002,-142.5651,0.));
#2480 = CIRCLE('',#2481,0.4);
#2481 = AXIS2_PLACEMENT_3D('',#2482,#2483,#2484);
#2482 = CARTESIAN_POINT('',(103.7002,-142.1651,0.));
#2483 = DIRECTION('',(-0.,0.,-1.));
#2484 = DIRECTION('',(-0.,-1.,0.));
#2485 = FACE_BOUND('',#2486,.F.);
#2486 = EDGE_LOOP('',(#2487));
#2487 = ORIENTED_EDGE('',*,*,#2488,.T.);
#2488 = EDGE_CURVE('',#2489,#2489,#2491,.T.);
#2489 = VERTEX_POINT('',#2490);
#2490 = CARTESIAN_POINT('',(106.2402,-142.5651,0.));
#2491 = CIRCLE('',#2492,0.4);
#2492 = AXIS2_PLACEMENT_3D('',#2493,#2494,#2495);
#2493 = CARTESIAN_POINT('',(106.2402,-142.1651,0.));
#2494 = DIRECTION('',(-0.,0.,-1.));
#2495 = DIRECTION('',(3.5527136788E-14,-1.,-0.));
#2496 = FACE_BOUND('',#2497,.F.);
#2497 = EDGE_LOOP('',(#2498));
#2498 = ORIENTED_EDGE('',*,*,#2499,.T.);
#2499 = EDGE_CURVE('',#2500,#2500,#2502,.T.);
#2500 = VERTEX_POINT('',#2501);
#2501 = CARTESIAN_POINT('',(108.7802,-142.5651,0.));
#2502 = CIRCLE('',#2503,0.4);
#2503 = AXIS2_PLACEMENT_3D('',#2504,#2505,#2506);
#2504 = CARTESIAN_POINT('',(108.7802,-142.1651,0.));
#2505 = DIRECTION('',(-0.,0.,-1.));
#2506 = DIRECTION('',(-3.5527136788E-14,-1.,0.));
#2507 = FACE_BOUND('',#2508,.F.);
#2508 = EDGE_LOOP('',(#2509));
#2509 = ORIENTED_EDGE('',*,*,#2510,.T.);
#2510 = EDGE_CURVE('',#2511,#2511,#2513,.T.);
#2511 = VERTEX_POINT('',#2512);
#2512 = CARTESIAN_POINT('',(111.3202,-142.5651,0.));
#2513 = CIRCLE('',#2514,0.4);
#2514 = AXIS2_PLACEMENT_3D('',#2515,#2516,#2517);
#2515 = CARTESIAN_POINT('',(111.3202,-142.1651,0.));
#2516 = DIRECTION('',(-0.,0.,-1.));
#2517 = DIRECTION('',(-0.,-1.,0.));
#2518 = FACE_BOUND('',#2519,.F.);
#2519 = EDGE_LOOP('',(#2520));
#2520 = ORIENTED_EDGE('',*,*,#2521,.T.);
#2521 = EDGE_CURVE('',#2522,#2522,#2524,.T.);
#2522 = VERTEX_POINT('',#2523);
#2523 = CARTESIAN_POINT('',(111.3202,-140.0251,0.));
#2524 = CIRCLE('',#2525,0.4);
#2525 = AXIS2_PLACEMENT_3D('',#2526,#2527,#2528);
#2526 = CARTESIAN_POINT('',(111.3202,-139.6251,0.));
#2527 = DIRECTION('',(-0.,0.,-1.));
#2528 = DIRECTION('',(-0.,-1.,0.));
#2529 = FACE_BOUND('',#2530,.F.);
#2530 = EDGE_LOOP('',(#2531,#2542,#2550,#2559,#2567,#2576,#2584,#2593));
#2531 = ORIENTED_EDGE('',*,*,#2532,.F.);
#2532 = EDGE_CURVE('',#2533,#2535,#2537,.T.);
#2533 = VERTEX_POINT('',#2534);
#2534 = CARTESIAN_POINT('',(91.25662,-129.20752,0.));
#2535 = VERTEX_POINT('',#2536);
#2536 = CARTESIAN_POINT('',(90.24062,-130.22352,0.));
#2537 = CIRCLE('',#2538,1.016001671896);
#2538 = AXIS2_PLACEMENT_3D('',#2539,#2540,#2541);
#2539 = CARTESIAN_POINT('',(91.256621671894,-130.2235216718,0.));
#2540 = DIRECTION('',(0.,0.,1.));
#2541 = DIRECTION('',(-1.645562571957E-06,0.999999999999,0.));
#2542 = ORIENTED_EDGE('',*,*,#2543,.F.);
#2543 = EDGE_CURVE('',#2544,#2533,#2546,.T.);
#2544 = VERTEX_POINT('',#2545);
#2545 = CARTESIAN_POINT('',(109.0342,-129.2111,0.));
#2546 = LINE('',#2547,#2548);
#2547 = CARTESIAN_POINT('',(109.0342,-129.2111,0.));
#2548 = VECTOR('',#2549,1.);
#2549 = DIRECTION('',(-0.999999979724,2.013772362386E-04,0.));
#2550 = ORIENTED_EDGE('',*,*,#2551,.F.);
#2551 = EDGE_CURVE('',#2552,#2544,#2554,.T.);
#2552 = VERTEX_POINT('',#2553);
#2553 = CARTESIAN_POINT('',(110.0502,-130.2271,0.));
#2554 = CIRCLE('',#2555,1.016001671896);
#2555 = AXIS2_PLACEMENT_3D('',#2556,#2557,#2558);
#2556 = CARTESIAN_POINT('',(109.0341983281,-130.2271016718,0.));
#2557 = DIRECTION('',(0.,0.,1.));
#2558 = DIRECTION('',(0.999999999999,1.645562543983E-06,-0.));
#2559 = ORIENTED_EDGE('',*,*,#2560,.F.);
#2560 = EDGE_CURVE('',#2561,#2552,#2563,.T.);
#2561 = VERTEX_POINT('',#2562);
#2562 = CARTESIAN_POINT('',(110.0502,-138.8631,0.));
#2563 = LINE('',#2564,#2565);
#2564 = CARTESIAN_POINT('',(110.0502,-138.8631,0.));
#2565 = VECTOR('',#2566,1.);
#2566 = DIRECTION('',(0.,1.,0.));
#2567 = ORIENTED_EDGE('',*,*,#2568,.F.);
#2568 = EDGE_CURVE('',#2569,#2561,#2571,.T.);
#2569 = VERTEX_POINT('',#2570);
#2570 = CARTESIAN_POINT('',(109.0342,-139.8791,0.));
#2571 = CIRCLE('',#2572,1.016001671896);
#2572 = AXIS2_PLACEMENT_3D('',#2573,#2574,#2575);
#2573 = CARTESIAN_POINT('',(109.0341983281,-138.8630983281,0.));
#2574 = DIRECTION('',(0.,0.,1.));
#2575 = DIRECTION('',(1.64556255797E-06,-0.999999999999,0.));
#2576 = ORIENTED_EDGE('',*,*,#2577,.F.);
#2577 = EDGE_CURVE('',#2578,#2569,#2580,.T.);
#2578 = VERTEX_POINT('',#2579);
#2579 = CARTESIAN_POINT('',(91.2482,-139.8851,0.));
#2580 = LINE('',#2581,#2582);
#2581 = CARTESIAN_POINT('',(91.2482,-139.8851,0.));
#2582 = VECTOR('',#2583,1.);
#2583 = DIRECTION('',(0.9999999431,3.37343959215E-04,0.));
#2584 = ORIENTED_EDGE('',*,*,#2585,.F.);
#2585 = EDGE_CURVE('',#2586,#2578,#2588,.T.);
#2586 = VERTEX_POINT('',#2587);
#2587 = CARTESIAN_POINT('',(90.2322,-138.8691,0.));
#2588 = CIRCLE('',#2589,1.016001671896);
#2589 = AXIS2_PLACEMENT_3D('',#2590,#2591,#2592);
#2590 = CARTESIAN_POINT('',(91.248201671894,-138.8690983281,0.));
#2591 = DIRECTION('',(0.,0.,1.));
#2592 = DIRECTION('',(-0.999999999999,-1.645562516009E-06,0.));
#2593 = ORIENTED_EDGE('',*,*,#2594,.F.);
#2594 = EDGE_CURVE('',#2535,#2586,#2595,.T.);
#2595 = LINE('',#2596,#2597);
#2596 = CARTESIAN_POINT('',(90.24062,-130.22352,0.));
#2597 = VECTOR('',#2598,1.);
#2598 = DIRECTION('',(-9.739075928777E-04,-0.999999525752,0.));
#2599 = FACE_BOUND('',#2600,.F.);
#2600 = EDGE_LOOP('',(#2601));
#2601 = ORIENTED_EDGE('',*,*,#2602,.T.);
#2602 = EDGE_CURVE('',#2603,#2603,#2605,.T.);
#2603 = VERTEX_POINT('',#2604);
#2604 = CARTESIAN_POINT('',(91.0002,-127.3251,0.));
#2605 = CIRCLE('',#2606,0.4);
#2606 = AXIS2_PLACEMENT_3D('',#2607,#2608,#2609);
#2607 = CARTESIAN_POINT('',(91.0002,-126.9251,0.));
#2608 = DIRECTION('',(-0.,0.,-1.));
#2609 = DIRECTION('',(-0.,-1.,0.));
#2610 = FACE_BOUND('',#2611,.F.);
#2611 = EDGE_LOOP('',(#2612));
#2612 = ORIENTED_EDGE('',*,*,#2613,.T.);
#2613 = EDGE_CURVE('',#2614,#2614,#2616,.T.);
#2614 = VERTEX_POINT('',#2615);
#2615 = CARTESIAN_POINT('',(93.5402,-127.3251,0.));
#2616 = CIRCLE('',#2617,0.4);
#2617 = AXIS2_PLACEMENT_3D('',#2618,#2619,#2620);
#2618 = CARTESIAN_POINT('',(93.5402,-126.9251,0.));
#2619 = DIRECTION('',(-0.,0.,-1.));
#2620 = DIRECTION('',(-0.,-1.,0.));
#2621 = FACE_BOUND('',#2622,.F.);
#2622 = EDGE_LOOP('',(#2623));
#2623 = ORIENTED_EDGE('',*,*,#2624,.T.);
#2624 = EDGE_CURVE('',#2625,#2625,#2627,.T.);
#2625 = VERTEX_POINT('',#2626);
#2626 = CARTESIAN_POINT('',(96.0802,-127.3251,0.));
#2627 = CIRCLE('',#2628,0.4);
#2628 = AXIS2_PLACEMENT_3D('',#2629,#2630,#2631);
#2629 = CARTESIAN_POINT('',(96.0802,-126.9251,0.));
#2630 = DIRECTION('',(-0.,0.,-1.));
#2631 = DIRECTION('',(3.5527136788E-14,-1.,-0.));
#2632 = FACE_BOUND('',#2633,.F.);
#2633 = EDGE_LOOP('',(#2634));
#2634 = ORIENTED_EDGE('',*,*,#2635,.T.);
#2635 = EDGE_CURVE('',#2636,#2636,#2638,.T.);
#2636 = VERTEX_POINT('',#2637);
#2637 = CARTESIAN_POINT('',(98.6202,-127.3251,0.));
#2638 = CIRCLE('',#2639,0.4);
#2639 = AXIS2_PLACEMENT_3D('',#2640,#2641,#2642);
#2640 = CARTESIAN_POINT('',(98.6202,-126.9251,0.));
#2641 = DIRECTION('',(-0.,0.,-1.));
#2642 = DIRECTION('',(-3.552713678801E-14,-1.,0.));
#2643 = FACE_BOUND('',#2644,.F.);
#2644 = EDGE_LOOP('',(#2645));
#2645 = ORIENTED_EDGE('',*,*,#2646,.T.);
#2646 = EDGE_CURVE('',#2647,#2647,#2649,.T.);
#2647 = VERTEX_POINT('',#2648);
#2648 = CARTESIAN_POINT('',(111.3202,-137.4851,0.));
#2649 = CIRCLE('',#2650,0.4);
#2650 = AXIS2_PLACEMENT_3D('',#2651,#2652,#2653);
#2651 = CARTESIAN_POINT('',(111.3202,-137.0851,0.));
#2652 = DIRECTION('',(-0.,0.,-1.));
#2653 = DIRECTION('',(-0.,-1.,0.));
#2654 = FACE_BOUND('',#2655,.F.);
#2655 = EDGE_LOOP('',(#2656));
#2656 = ORIENTED_EDGE('',*,*,#2657,.T.);
#2657 = EDGE_CURVE('',#2658,#2658,#2660,.T.);
#2658 = VERTEX_POINT('',#2659);
#2659 = CARTESIAN_POINT('',(111.3202,-134.9451,0.));
#2660 = CIRCLE('',#2661,0.4);
#2661 = AXIS2_PLACEMENT_3D('',#2662,#2663,#2664);
#2662 = CARTESIAN_POINT('',(111.3202,-134.5451,0.));
#2663 = DIRECTION('',(-0.,0.,-1.));
#2664 = DIRECTION('',(-0.,-1.,0.));
#2665 = FACE_BOUND('',#2666,.F.);
#2666 = EDGE_LOOP('',(#2667));
#2667 = ORIENTED_EDGE('',*,*,#2668,.T.);
#2668 = EDGE_CURVE('',#2669,#2669,#2671,.T.);
#2669 = VERTEX_POINT('',#2670);
#2670 = CARTESIAN_POINT('',(111.3202,-132.4051,0.));
#2671 = CIRCLE('',#2672,0.4);
#2672 = AXIS2_PLACEMENT_3D('',#2673,#2674,#2675);
#2673 = CARTESIAN_POINT('',(111.3202,-132.0051,0.));
#2674 = DIRECTION('',(-0.,0.,-1.));
#2675 = DIRECTION('',(-0.,-1.,0.));
#2676 = FACE_BOUND('',#2677,.F.);
#2677 = EDGE_LOOP('',(#2678));
#2678 = ORIENTED_EDGE('',*,*,#2679,.T.);
#2679 = EDGE_CURVE('',#2680,#2680,#2682,.T.);
#2680 = VERTEX_POINT('',#2681);
#2681 = CARTESIAN_POINT('',(111.3202,-129.8651,0.));
#2682 = CIRCLE('',#2683,0.4);
#2683 = AXIS2_PLACEMENT_3D('',#2684,#2685,#2686);
#2684 = CARTESIAN_POINT('',(111.3202,-129.4651,0.));
#2685 = DIRECTION('',(-0.,0.,-1.));
#2686 = DIRECTION('',(-0.,-1.,0.));
#2687 = FACE_BOUND('',#2688,.F.);
#2688 = EDGE_LOOP('',(#2689));
#2689 = ORIENTED_EDGE('',*,*,#2690,.T.);
#2690 = EDGE_CURVE('',#2691,#2691,#2693,.T.);
#2691 = VERTEX_POINT('',#2692);
#2692 = CARTESIAN_POINT('',(101.1602,-127.3251,0.));
#2693 = CIRCLE('',#2694,0.4);
#2694 = AXIS2_PLACEMENT_3D('',#2695,#2696,#2697);
#2695 = CARTESIAN_POINT('',(101.1602,-126.9251,0.));
#2696 = DIRECTION('',(-0.,0.,-1.));
#2697 = DIRECTION('',(-0.,-1.,0.));
#2698 = FACE_BOUND('',#2699,.F.);
#2699 = EDGE_LOOP('',(#2700));
#2700 = ORIENTED_EDGE('',*,*,#2701,.T.);
#2701 = EDGE_CURVE('',#2702,#2702,#2704,.T.);
#2702 = VERTEX_POINT('',#2703);
#2703 = CARTESIAN_POINT('',(103.7002,-127.3251,0.));
#2704 = CIRCLE('',#2705,0.4);
#2705 = AXIS2_PLACEMENT_3D('',#2706,#2707,#2708);
#2706 = CARTESIAN_POINT('',(103.7002,-126.9251,0.));
#2707 = DIRECTION('',(-0.,0.,-1.));
#2708 = DIRECTION('',(-0.,-1.,0.));
#2709 = FACE_BOUND('',#2710,.F.);
#2710 = EDGE_LOOP('',(#2711));
#2711 = ORIENTED_EDGE('',*,*,#2712,.T.);
#2712 = EDGE_CURVE('',#2713,#2713,#2715,.T.);
#2713 = VERTEX_POINT('',#2714);
#2714 = CARTESIAN_POINT('',(106.2402,-127.3251,0.));
#2715 = CIRCLE('',#2716,0.4);
#2716 = AXIS2_PLACEMENT_3D('',#2717,#2718,#2719);
#2717 = CARTESIAN_POINT('',(106.2402,-126.9251,0.));
#2718 = DIRECTION('',(-0.,0.,-1.));
#2719 = DIRECTION('',(3.5527136788E-14,-1.,-0.));
#2720 = FACE_BOUND('',#2721,.F.);
#2721 = EDGE_LOOP('',(#2722));
#2722 = ORIENTED_EDGE('',*,*,#2723,.T.);
#2723 = EDGE_CURVE('',#2724,#2724,#2726,.T.);
#2724 = VERTEX_POINT('',#2725);
#2725 = CARTESIAN_POINT('',(104.9782,-121.0831,0.));
#2726 = CIRCLE('',#2727,0.508);
#2727 = AXIS2_PLACEMENT_3D('',#2728,#2729,#2730);
#2728 = CARTESIAN_POINT('',(104.9782,-120.5751,0.));
#2729 = DIRECTION('',(-0.,0.,-1.));
#2730 = DIRECTION('',(-0.,-1.,0.));
#2731 = FACE_BOUND('',#2732,.F.);
#2732 = EDGE_LOOP('',(#2733));
#2733 = ORIENTED_EDGE('',*,*,#2734,.T.);
#2734 = EDGE_CURVE('',#2735,#2735,#2737,.T.);
#2735 = VERTEX_POINT('',#2736);
#2736 = CARTESIAN_POINT('',(104.9782,-118.5431,0.));
#2737 = CIRCLE('',#2738,0.508);
#2738 = AXIS2_PLACEMENT_3D('',#2739,#2740,#2741);
#2739 = CARTESIAN_POINT('',(104.9782,-118.0351,0.));
#2740 = DIRECTION('',(-0.,0.,-1.));
#2741 = DIRECTION('',(-0.,-1.,0.));
#2742 = FACE_BOUND('',#2743,.F.);
#2743 = EDGE_LOOP('',(#2744));
#2744 = ORIENTED_EDGE('',*,*,#2745,.T.);
#2745 = EDGE_CURVE('',#2746,#2746,#2748,.T.);
#2746 = VERTEX_POINT('',#2747);
#2747 = CARTESIAN_POINT('',(108.7802,-127.3251,0.));
#2748 = CIRCLE('',#2749,0.4);
#2749 = AXIS2_PLACEMENT_3D('',#2750,#2751,#2752);
#2750 = CARTESIAN_POINT('',(108.7802,-126.9251,0.));
#2751 = DIRECTION('',(-0.,0.,-1.));
#2752 = DIRECTION('',(-3.552713678801E-14,-1.,0.));
#2753 = FACE_BOUND('',#2754,.F.);
#2754 = EDGE_LOOP('',(#2755));
#2755 = ORIENTED_EDGE('',*,*,#2756,.T.);
#2756 = EDGE_CURVE('',#2757,#2757,#2759,.T.);
#2757 = VERTEX_POINT('',#2758);
#2758 = CARTESIAN_POINT('',(111.3202,-127.3251,0.));
#2759 = CIRCLE('',#2760,0.4);
#2760 = AXIS2_PLACEMENT_3D('',#2761,#2762,#2763);
#2761 = CARTESIAN_POINT('',(111.3202,-126.9251,0.));
#2762 = DIRECTION('',(-0.,0.,-1.));
#2763 = DIRECTION('',(-0.,-1.,0.));
#2764 = FACE_BOUND('',#2765,.F.);
#2765 = EDGE_LOOP('',(#2766));
#2766 = ORIENTED_EDGE('',*,*,#2767,.T.);
#2767 = EDGE_CURVE('',#2768,#2768,#2770,.T.);
#2768 = VERTEX_POINT('',#2769);
#2769 = CARTESIAN_POINT('',(107.5182,-121.0831,0.));
#2770 = CIRCLE('',#2771,0.508);
#2771 = AXIS2_PLACEMENT_3D('',#2772,#2773,#2774);
#2772 = CARTESIAN_POINT('',(107.5182,-120.5751,0.));
#2773 = DIRECTION('',(-0.,0.,-1.));
#2774 = DIRECTION('',(-2.797412345512E-14,-1.,0.));
#2775 = FACE_BOUND('',#2776,.F.);
#2776 = EDGE_LOOP('',(#2777));
#2777 = ORIENTED_EDGE('',*,*,#2778,.T.);
#2778 = EDGE_CURVE('',#2779,#2779,#2781,.T.);
#2779 = VERTEX_POINT('',#2780);
#2780 = CARTESIAN_POINT('',(107.5182,-118.5431,0.));
#2781 = CIRCLE('',#2782,0.508);
#2782 = AXIS2_PLACEMENT_3D('',#2783,#2784,#2785);
#2783 = CARTESIAN_POINT('',(107.5182,-118.0351,0.));
#2784 = DIRECTION('',(-0.,0.,-1.));
#2785 = DIRECTION('',(-2.797412345512E-14,-1.,0.));
#2786 = FACE_BOUND('',#2787,.F.);
#2787 = EDGE_LOOP('',(#2788));
#2788 = ORIENTED_EDGE('',*,*,#2789,.T.);
#2789 = EDGE_CURVE('',#2790,#2790,#2792,.T.);
#2790 = VERTEX_POINT('',#2791);
#2791 = CARTESIAN_POINT('',(110.0582,-121.0831,0.));
#2792 = CIRCLE('',#2793,0.508);
#2793 = AXIS2_PLACEMENT_3D('',#2794,#2795,#2796);
#2794 = CARTESIAN_POINT('',(110.0582,-120.5751,0.));
#2795 = DIRECTION('',(-0.,0.,-1.));
#2796 = DIRECTION('',(-0.,-1.,0.));
#2797 = FACE_BOUND('',#2798,.F.);
#2798 = EDGE_LOOP('',(#2799));
#2799 = ORIENTED_EDGE('',*,*,#2800,.T.);
#2800 = EDGE_CURVE('',#2801,#2801,#2803,.T.);
#2801 = VERTEX_POINT('',#2802);
#2802 = CARTESIAN_POINT('',(110.0582,-118.5431,0.));
#2803 = CIRCLE('',#2804,0.508);
#2804 = AXIS2_PLACEMENT_3D('',#2805,#2806,#2807);
#2805 = CARTESIAN_POINT('',(110.0582,-118.0351,0.));
#2806 = DIRECTION('',(-0.,0.,-1.));
#2807 = DIRECTION('',(-0.,-1.,0.));
#2808 = PLANE('',#2809);
#2809 = AXIS2_PLACEMENT_3D('',#2810,#2811,#2812);
#2810 = CARTESIAN_POINT('',(0.,0.,0.));
#2811 = DIRECTION('',(0.,0.,1.));
#2812 = DIRECTION('',(1.,0.,-0.));
#2813 = ADVANCED_FACE('',(#2814,#2860,#2871,#2882,#2893,#2904,#2915,
    #2926,#2937,#2948,#2959,#2970,#2981,#2992,#3003,#3014,#3025,#3036,
    #3106,#3117,#3128,#3139,#3150,#3161,#3172,#3183,#3194,#3205,#3216,
    #3227,#3238,#3249,#3260,#3271,#3282,#3293,#3304),#3315,.T.);
#2814 = FACE_BOUND('',#2815,.T.);
#2815 = EDGE_LOOP('',(#2816,#2817,#2818,#2827,#2835,#2844,#2852,#2859));
#2816 = ORIENTED_EDGE('',*,*,#2216,.F.);
#2817 = ORIENTED_EDGE('',*,*,#2258,.F.);
#2818 = ORIENTED_EDGE('',*,*,#2819,.F.);
#2819 = EDGE_CURVE('',#2820,#2251,#2822,.T.);
#2820 = VERTEX_POINT('',#2821);
#2821 = CARTESIAN_POINT('',(88.4682,-119.3051,1.6));
#2822 = CIRCLE('',#2823,5.080001531029);
#2823 = AXIS2_PLACEMENT_3D('',#2824,#2825,#2826);
#2824 = CARTESIAN_POINT('',(93.548201531028,-119.305101531,1.6));
#2825 = DIRECTION('',(0.,0.,-1.));
#2826 = DIRECTION('',(-1.,3.013834474164E-07,0.));
#2827 = ORIENTED_EDGE('',*,*,#2828,.F.);
#2828 = EDGE_CURVE('',#2829,#2820,#2831,.T.);
#2829 = VERTEX_POINT('',#2830);
#2830 = CARTESIAN_POINT('',(88.4682,-159.9451,1.6));
#2831 = LINE('',#2832,#2833);
#2832 = CARTESIAN_POINT('',(88.4682,-159.9451,1.6));
#2833 = VECTOR('',#2834,1.);
#2834 = DIRECTION('',(0.,1.,0.));
#2835 = ORIENTED_EDGE('',*,*,#2836,.F.);
#2836 = EDGE_CURVE('',#2837,#2829,#2839,.T.);
#2837 = VERTEX_POINT('',#2838);
#2838 = CARTESIAN_POINT('',(93.5482,-165.0251,1.6));
#2839 = CIRCLE('',#2840,5.080001531029);
#2840 = AXIS2_PLACEMENT_3D('',#2841,#2842,#2843);
#2841 = CARTESIAN_POINT('',(93.548201531028,-159.9450984689,1.6));
#2842 = DIRECTION('',(0.,0.,-1.));
#2843 = DIRECTION('',(-3.013834502138E-07,-1.,-0.));
#2844 = ORIENTED_EDGE('',*,*,#2845,.F.);
#2845 = EDGE_CURVE('',#2846,#2837,#2848,.T.);
#2846 = VERTEX_POINT('',#2847);
#2847 = CARTESIAN_POINT('',(121.4882,-165.0251,1.6));
#2848 = LINE('',#2849,#2850);
#2849 = CARTESIAN_POINT('',(121.4882,-165.0251,1.6));
#2850 = VECTOR('',#2851,1.);
#2851 = DIRECTION('',(-1.,0.,0.));
#2852 = ORIENTED_EDGE('',*,*,#2853,.F.);
#2853 = EDGE_CURVE('',#2281,#2846,#2854,.T.);
#2854 = CIRCLE('',#2855,5.080001531029);
#2855 = AXIS2_PLACEMENT_3D('',#2856,#2857,#2858);
#2856 = CARTESIAN_POINT('',(121.48819846897,-159.9450984689,1.6));
#2857 = DIRECTION('',(0.,0.,-1.));
#2858 = DIRECTION('',(1.,-3.013834418216E-07,0.));
#2859 = ORIENTED_EDGE('',*,*,#2280,.F.);
#2860 = FACE_BOUND('',#2861,.T.);
#2861 = EDGE_LOOP('',(#2862));
#2862 = ORIENTED_EDGE('',*,*,#2863,.T.);
#2863 = EDGE_CURVE('',#2864,#2864,#2866,.T.);
#2864 = VERTEX_POINT('',#2865);
#2865 = CARTESIAN_POINT('',(91.0002,-142.5651,1.6));
#2866 = CIRCLE('',#2867,0.4);
#2867 = AXIS2_PLACEMENT_3D('',#2868,#2869,#2870);
#2868 = CARTESIAN_POINT('',(91.0002,-142.1651,1.6));
#2869 = DIRECTION('',(-0.,0.,-1.));
#2870 = DIRECTION('',(-0.,-1.,0.));
#2871 = FACE_BOUND('',#2872,.T.);
#2872 = EDGE_LOOP('',(#2873));
#2873 = ORIENTED_EDGE('',*,*,#2874,.T.);
#2874 = EDGE_CURVE('',#2875,#2875,#2877,.T.);
#2875 = VERTEX_POINT('',#2876);
#2876 = CARTESIAN_POINT('',(93.5402,-142.5651,1.6));
#2877 = CIRCLE('',#2878,0.4);
#2878 = AXIS2_PLACEMENT_3D('',#2879,#2880,#2881);
#2879 = CARTESIAN_POINT('',(93.5402,-142.1651,1.6));
#2880 = DIRECTION('',(-0.,0.,-1.));
#2881 = DIRECTION('',(-0.,-1.,0.));
#2882 = FACE_BOUND('',#2883,.T.);
#2883 = EDGE_LOOP('',(#2884));
#2884 = ORIENTED_EDGE('',*,*,#2885,.T.);
#2885 = EDGE_CURVE('',#2886,#2886,#2888,.T.);
#2886 = VERTEX_POINT('',#2887);
#2887 = CARTESIAN_POINT('',(96.0802,-142.5651,1.6));
#2888 = CIRCLE('',#2889,0.4);
#2889 = AXIS2_PLACEMENT_3D('',#2890,#2891,#2892);
#2890 = CARTESIAN_POINT('',(96.0802,-142.1651,1.6));
#2891 = DIRECTION('',(-0.,0.,-1.));
#2892 = DIRECTION('',(3.5527136788E-14,-1.,-0.));
#2893 = FACE_BOUND('',#2894,.T.);
#2894 = EDGE_LOOP('',(#2895));
#2895 = ORIENTED_EDGE('',*,*,#2896,.T.);
#2896 = EDGE_CURVE('',#2897,#2897,#2899,.T.);
#2897 = VERTEX_POINT('',#2898);
#2898 = CARTESIAN_POINT('',(98.6202,-142.5651,1.6));
#2899 = CIRCLE('',#2900,0.4);
#2900 = AXIS2_PLACEMENT_3D('',#2901,#2902,#2903);
#2901 = CARTESIAN_POINT('',(98.6202,-142.1651,1.6));
#2902 = DIRECTION('',(-0.,0.,-1.));
#2903 = DIRECTION('',(-3.5527136788E-14,-1.,0.));
#2904 = FACE_BOUND('',#2905,.T.);
#2905 = EDGE_LOOP('',(#2906));
#2906 = ORIENTED_EDGE('',*,*,#2907,.T.);
#2907 = EDGE_CURVE('',#2908,#2908,#2910,.T.);
#2908 = VERTEX_POINT('',#2909);
#2909 = CARTESIAN_POINT('',(104.9782,-160.4023,1.6));
#2910 = CIRCLE('',#2911,0.508);
#2911 = AXIS2_PLACEMENT_3D('',#2912,#2913,#2914);
#2912 = CARTESIAN_POINT('',(104.9782,-159.8943,1.6));
#2913 = DIRECTION('',(-0.,0.,-1.));
#2914 = DIRECTION('',(-0.,-1.,0.));
#2915 = FACE_BOUND('',#2916,.T.);
#2916 = EDGE_LOOP('',(#2917));
#2917 = ORIENTED_EDGE('',*,*,#2918,.T.);
#2918 = EDGE_CURVE('',#2919,#2919,#2921,.T.);
#2919 = VERTEX_POINT('',#2920);
#2920 = CARTESIAN_POINT('',(104.9782,-157.8623,1.6));
#2921 = CIRCLE('',#2922,0.508);
#2922 = AXIS2_PLACEMENT_3D('',#2923,#2924,#2925);
#2923 = CARTESIAN_POINT('',(104.9782,-157.3543,1.6));
#2924 = DIRECTION('',(-0.,0.,-1.));
#2925 = DIRECTION('',(-0.,-1.,0.));
#2926 = FACE_BOUND('',#2927,.T.);
#2927 = EDGE_LOOP('',(#2928));
#2928 = ORIENTED_EDGE('',*,*,#2929,.T.);
#2929 = EDGE_CURVE('',#2930,#2930,#2932,.T.);
#2930 = VERTEX_POINT('',#2931);
#2931 = CARTESIAN_POINT('',(107.5182,-160.4023,1.6));
#2932 = CIRCLE('',#2933,0.508);
#2933 = AXIS2_PLACEMENT_3D('',#2934,#2935,#2936);
#2934 = CARTESIAN_POINT('',(107.5182,-159.8943,1.6));
#2935 = DIRECTION('',(-0.,0.,-1.));
#2936 = DIRECTION('',(-2.797412345512E-14,-1.,0.));
#2937 = FACE_BOUND('',#2938,.T.);
#2938 = EDGE_LOOP('',(#2939));
#2939 = ORIENTED_EDGE('',*,*,#2940,.T.);
#2940 = EDGE_CURVE('',#2941,#2941,#2943,.T.);
#2941 = VERTEX_POINT('',#2942);
#2942 = CARTESIAN_POINT('',(107.5182,-157.8623,1.6));
#2943 = CIRCLE('',#2944,0.508);
#2944 = AXIS2_PLACEMENT_3D('',#2945,#2946,#2947);
#2945 = CARTESIAN_POINT('',(107.5182,-157.3543,1.6));
#2946 = DIRECTION('',(-0.,0.,-1.));
#2947 = DIRECTION('',(-2.797412345512E-14,-1.,0.));
#2948 = FACE_BOUND('',#2949,.T.);
#2949 = EDGE_LOOP('',(#2950));
#2950 = ORIENTED_EDGE('',*,*,#2951,.T.);
#2951 = EDGE_CURVE('',#2952,#2952,#2954,.T.);
#2952 = VERTEX_POINT('',#2953);
#2953 = CARTESIAN_POINT('',(110.0582,-160.4023,1.6));
#2954 = CIRCLE('',#2955,0.508);
#2955 = AXIS2_PLACEMENT_3D('',#2956,#2957,#2958);
#2956 = CARTESIAN_POINT('',(110.0582,-159.8943,1.6));
#2957 = DIRECTION('',(-0.,0.,-1.));
#2958 = DIRECTION('',(-0.,-1.,0.));
#2959 = FACE_BOUND('',#2960,.T.);
#2960 = EDGE_LOOP('',(#2961));
#2961 = ORIENTED_EDGE('',*,*,#2962,.T.);
#2962 = EDGE_CURVE('',#2963,#2963,#2965,.T.);
#2963 = VERTEX_POINT('',#2964);
#2964 = CARTESIAN_POINT('',(110.0582,-157.8623,1.6));
#2965 = CIRCLE('',#2966,0.508);
#2966 = AXIS2_PLACEMENT_3D('',#2967,#2968,#2969);
#2967 = CARTESIAN_POINT('',(110.0582,-157.3543,1.6));
#2968 = DIRECTION('',(-0.,0.,-1.));
#2969 = DIRECTION('',(-0.,-1.,0.));
#2970 = FACE_BOUND('',#2971,.T.);
#2971 = EDGE_LOOP('',(#2972));
#2972 = ORIENTED_EDGE('',*,*,#2973,.T.);
#2973 = EDGE_CURVE('',#2974,#2974,#2976,.T.);
#2974 = VERTEX_POINT('',#2975);
#2975 = CARTESIAN_POINT('',(101.1602,-142.5651,1.6));
#2976 = CIRCLE('',#2977,0.4);
#2977 = AXIS2_PLACEMENT_3D('',#2978,#2979,#2980);
#2978 = CARTESIAN_POINT('',(101.1602,-142.1651,1.6));
#2979 = DIRECTION('',(-0.,0.,-1.));
#2980 = DIRECTION('',(-0.,-1.,0.));
#2981 = FACE_BOUND('',#2982,.T.);
#2982 = EDGE_LOOP('',(#2983));
#2983 = ORIENTED_EDGE('',*,*,#2984,.T.);
#2984 = EDGE_CURVE('',#2985,#2985,#2987,.T.);
#2985 = VERTEX_POINT('',#2986);
#2986 = CARTESIAN_POINT('',(103.7002,-142.5651,1.6));
#2987 = CIRCLE('',#2988,0.4);
#2988 = AXIS2_PLACEMENT_3D('',#2989,#2990,#2991);
#2989 = CARTESIAN_POINT('',(103.7002,-142.1651,1.6));
#2990 = DIRECTION('',(-0.,0.,-1.));
#2991 = DIRECTION('',(-0.,-1.,0.));
#2992 = FACE_BOUND('',#2993,.T.);
#2993 = EDGE_LOOP('',(#2994));
#2994 = ORIENTED_EDGE('',*,*,#2995,.T.);
#2995 = EDGE_CURVE('',#2996,#2996,#2998,.T.);
#2996 = VERTEX_POINT('',#2997);
#2997 = CARTESIAN_POINT('',(106.2402,-142.5651,1.6));
#2998 = CIRCLE('',#2999,0.4);
#2999 = AXIS2_PLACEMENT_3D('',#3000,#3001,#3002);
#3000 = CARTESIAN_POINT('',(106.2402,-142.1651,1.6));
#3001 = DIRECTION('',(-0.,0.,-1.));
#3002 = DIRECTION('',(3.5527136788E-14,-1.,-0.));
#3003 = FACE_BOUND('',#3004,.T.);
#3004 = EDGE_LOOP('',(#3005));
#3005 = ORIENTED_EDGE('',*,*,#3006,.T.);
#3006 = EDGE_CURVE('',#3007,#3007,#3009,.T.);
#3007 = VERTEX_POINT('',#3008);
#3008 = CARTESIAN_POINT('',(108.7802,-142.5651,1.6));
#3009 = CIRCLE('',#3010,0.4);
#3010 = AXIS2_PLACEMENT_3D('',#3011,#3012,#3013);
#3011 = CARTESIAN_POINT('',(108.7802,-142.1651,1.6));
#3012 = DIRECTION('',(-0.,0.,-1.));
#3013 = DIRECTION('',(-3.5527136788E-14,-1.,0.));
#3014 = FACE_BOUND('',#3015,.T.);
#3015 = EDGE_LOOP('',(#3016));
#3016 = ORIENTED_EDGE('',*,*,#3017,.T.);
#3017 = EDGE_CURVE('',#3018,#3018,#3020,.T.);
#3018 = VERTEX_POINT('',#3019);
#3019 = CARTESIAN_POINT('',(111.3202,-142.5651,1.6));
#3020 = CIRCLE('',#3021,0.4);
#3021 = AXIS2_PLACEMENT_3D('',#3022,#3023,#3024);
#3022 = CARTESIAN_POINT('',(111.3202,-142.1651,1.6));
#3023 = DIRECTION('',(-0.,0.,-1.));
#3024 = DIRECTION('',(-0.,-1.,0.));
#3025 = FACE_BOUND('',#3026,.T.);
#3026 = EDGE_LOOP('',(#3027));
#3027 = ORIENTED_EDGE('',*,*,#3028,.T.);
#3028 = EDGE_CURVE('',#3029,#3029,#3031,.T.);
#3029 = VERTEX_POINT('',#3030);
#3030 = CARTESIAN_POINT('',(111.3202,-140.0251,1.6));
#3031 = CIRCLE('',#3032,0.4);
#3032 = AXIS2_PLACEMENT_3D('',#3033,#3034,#3035);
#3033 = CARTESIAN_POINT('',(111.3202,-139.6251,1.6));
#3034 = DIRECTION('',(-0.,0.,-1.));
#3035 = DIRECTION('',(-0.,-1.,0.));
#3036 = FACE_BOUND('',#3037,.T.);
#3037 = EDGE_LOOP('',(#3038,#3049,#3057,#3066,#3074,#3083,#3091,#3100));
#3038 = ORIENTED_EDGE('',*,*,#3039,.F.);
#3039 = EDGE_CURVE('',#3040,#3042,#3044,.T.);
#3040 = VERTEX_POINT('',#3041);
#3041 = CARTESIAN_POINT('',(91.25662,-129.20752,1.6));
#3042 = VERTEX_POINT('',#3043);
#3043 = CARTESIAN_POINT('',(90.24062,-130.22352,1.6));
#3044 = CIRCLE('',#3045,1.016001671896);
#3045 = AXIS2_PLACEMENT_3D('',#3046,#3047,#3048);
#3046 = CARTESIAN_POINT('',(91.256621671894,-130.2235216718,1.6));
#3047 = DIRECTION('',(0.,0.,1.));
#3048 = DIRECTION('',(-1.645562571957E-06,0.999999999999,0.));
#3049 = ORIENTED_EDGE('',*,*,#3050,.F.);
#3050 = EDGE_CURVE('',#3051,#3040,#3053,.T.);
#3051 = VERTEX_POINT('',#3052);
#3052 = CARTESIAN_POINT('',(109.0342,-129.2111,1.6));
#3053 = LINE('',#3054,#3055);
#3054 = CARTESIAN_POINT('',(109.0342,-129.2111,1.6));
#3055 = VECTOR('',#3056,1.);
#3056 = DIRECTION('',(-0.999999979724,2.013772362386E-04,0.));
#3057 = ORIENTED_EDGE('',*,*,#3058,.F.);
#3058 = EDGE_CURVE('',#3059,#3051,#3061,.T.);
#3059 = VERTEX_POINT('',#3060);
#3060 = CARTESIAN_POINT('',(110.0502,-130.2271,1.6));
#3061 = CIRCLE('',#3062,1.016001671896);
#3062 = AXIS2_PLACEMENT_3D('',#3063,#3064,#3065);
#3063 = CARTESIAN_POINT('',(109.0341983281,-130.2271016718,1.6));
#3064 = DIRECTION('',(0.,0.,1.));
#3065 = DIRECTION('',(0.999999999999,1.645562543983E-06,-0.));
#3066 = ORIENTED_EDGE('',*,*,#3067,.F.);
#3067 = EDGE_CURVE('',#3068,#3059,#3070,.T.);
#3068 = VERTEX_POINT('',#3069);
#3069 = CARTESIAN_POINT('',(110.0502,-138.8631,1.6));
#3070 = LINE('',#3071,#3072);
#3071 = CARTESIAN_POINT('',(110.0502,-138.8631,1.6));
#3072 = VECTOR('',#3073,1.);
#3073 = DIRECTION('',(0.,1.,0.));
#3074 = ORIENTED_EDGE('',*,*,#3075,.F.);
#3075 = EDGE_CURVE('',#3076,#3068,#3078,.T.);
#3076 = VERTEX_POINT('',#3077);
#3077 = CARTESIAN_POINT('',(109.0342,-139.8791,1.6));
#3078 = CIRCLE('',#3079,1.016001671896);
#3079 = AXIS2_PLACEMENT_3D('',#3080,#3081,#3082);
#3080 = CARTESIAN_POINT('',(109.0341983281,-138.8630983281,1.6));
#3081 = DIRECTION('',(0.,0.,1.));
#3082 = DIRECTION('',(1.64556255797E-06,-0.999999999999,0.));
#3083 = ORIENTED_EDGE('',*,*,#3084,.F.);
#3084 = EDGE_CURVE('',#3085,#3076,#3087,.T.);
#3085 = VERTEX_POINT('',#3086);
#3086 = CARTESIAN_POINT('',(91.2482,-139.8851,1.6));
#3087 = LINE('',#3088,#3089);
#3088 = CARTESIAN_POINT('',(91.2482,-139.8851,1.6));
#3089 = VECTOR('',#3090,1.);
#3090 = DIRECTION('',(0.9999999431,3.37343959215E-04,0.));
#3091 = ORIENTED_EDGE('',*,*,#3092,.F.);
#3092 = EDGE_CURVE('',#3093,#3085,#3095,.T.);
#3093 = VERTEX_POINT('',#3094);
#3094 = CARTESIAN_POINT('',(90.2322,-138.8691,1.6));
#3095 = CIRCLE('',#3096,1.016001671896);
#3096 = AXIS2_PLACEMENT_3D('',#3097,#3098,#3099);
#3097 = CARTESIAN_POINT('',(91.248201671894,-138.8690983281,1.6));
#3098 = DIRECTION('',(0.,0.,1.));
#3099 = DIRECTION('',(-0.999999999999,-1.645562516009E-06,0.));
#3100 = ORIENTED_EDGE('',*,*,#3101,.F.);
#3101 = EDGE_CURVE('',#3042,#3093,#3102,.T.);
#3102 = LINE('',#3103,#3104);
#3103 = CARTESIAN_POINT('',(90.24062,-130.22352,1.6));
#3104 = VECTOR('',#3105,1.);
#3105 = DIRECTION('',(-9.739075928777E-04,-0.999999525752,0.));
#3106 = FACE_BOUND('',#3107,.T.);
#3107 = EDGE_LOOP('',(#3108));
#3108 = ORIENTED_EDGE('',*,*,#3109,.T.);
#3109 = EDGE_CURVE('',#3110,#3110,#3112,.T.);
#3110 = VERTEX_POINT('',#3111);
#3111 = CARTESIAN_POINT('',(91.0002,-127.3251,1.6));
#3112 = CIRCLE('',#3113,0.4);
#3113 = AXIS2_PLACEMENT_3D('',#3114,#3115,#3116);
#3114 = CARTESIAN_POINT('',(91.0002,-126.9251,1.6));
#3115 = DIRECTION('',(-0.,0.,-1.));
#3116 = DIRECTION('',(-0.,-1.,0.));
#3117 = FACE_BOUND('',#3118,.T.);
#3118 = EDGE_LOOP('',(#3119));
#3119 = ORIENTED_EDGE('',*,*,#3120,.T.);
#3120 = EDGE_CURVE('',#3121,#3121,#3123,.T.);
#3121 = VERTEX_POINT('',#3122);
#3122 = CARTESIAN_POINT('',(93.5402,-127.3251,1.6));
#3123 = CIRCLE('',#3124,0.4);
#3124 = AXIS2_PLACEMENT_3D('',#3125,#3126,#3127);
#3125 = CARTESIAN_POINT('',(93.5402,-126.9251,1.6));
#3126 = DIRECTION('',(-0.,0.,-1.));
#3127 = DIRECTION('',(-0.,-1.,0.));
#3128 = FACE_BOUND('',#3129,.T.);
#3129 = EDGE_LOOP('',(#3130));
#3130 = ORIENTED_EDGE('',*,*,#3131,.T.);
#3131 = EDGE_CURVE('',#3132,#3132,#3134,.T.);
#3132 = VERTEX_POINT('',#3133);
#3133 = CARTESIAN_POINT('',(96.0802,-127.3251,1.6));
#3134 = CIRCLE('',#3135,0.4);
#3135 = AXIS2_PLACEMENT_3D('',#3136,#3137,#3138);
#3136 = CARTESIAN_POINT('',(96.0802,-126.9251,1.6));
#3137 = DIRECTION('',(-0.,0.,-1.));
#3138 = DIRECTION('',(3.5527136788E-14,-1.,-0.));
#3139 = FACE_BOUND('',#3140,.T.);
#3140 = EDGE_LOOP('',(#3141));
#3141 = ORIENTED_EDGE('',*,*,#3142,.T.);
#3142 = EDGE_CURVE('',#3143,#3143,#3145,.T.);
#3143 = VERTEX_POINT('',#3144);
#3144 = CARTESIAN_POINT('',(98.6202,-127.3251,1.6));
#3145 = CIRCLE('',#3146,0.4);
#3146 = AXIS2_PLACEMENT_3D('',#3147,#3148,#3149);
#3147 = CARTESIAN_POINT('',(98.6202,-126.9251,1.6));
#3148 = DIRECTION('',(-0.,0.,-1.));
#3149 = DIRECTION('',(-3.552713678801E-14,-1.,0.));
#3150 = FACE_BOUND('',#3151,.T.);
#3151 = EDGE_LOOP('',(#3152));
#3152 = ORIENTED_EDGE('',*,*,#3153,.T.);
#3153 = EDGE_CURVE('',#3154,#3154,#3156,.T.);
#3154 = VERTEX_POINT('',#3155);
#3155 = CARTESIAN_POINT('',(111.3202,-137.4851,1.6));
#3156 = CIRCLE('',#3157,0.4);
#3157 = AXIS2_PLACEMENT_3D('',#3158,#3159,#3160);
#3158 = CARTESIAN_POINT('',(111.3202,-137.0851,1.6));
#3159 = DIRECTION('',(-0.,0.,-1.));
#3160 = DIRECTION('',(-0.,-1.,0.));
#3161 = FACE_BOUND('',#3162,.T.);
#3162 = EDGE_LOOP('',(#3163));
#3163 = ORIENTED_EDGE('',*,*,#3164,.T.);
#3164 = EDGE_CURVE('',#3165,#3165,#3167,.T.);
#3165 = VERTEX_POINT('',#3166);
#3166 = CARTESIAN_POINT('',(111.3202,-134.9451,1.6));
#3167 = CIRCLE('',#3168,0.4);
#3168 = AXIS2_PLACEMENT_3D('',#3169,#3170,#3171);
#3169 = CARTESIAN_POINT('',(111.3202,-134.5451,1.6));
#3170 = DIRECTION('',(-0.,0.,-1.));
#3171 = DIRECTION('',(-0.,-1.,0.));
#3172 = FACE_BOUND('',#3173,.T.);
#3173 = EDGE_LOOP('',(#3174));
#3174 = ORIENTED_EDGE('',*,*,#3175,.T.);
#3175 = EDGE_CURVE('',#3176,#3176,#3178,.T.);
#3176 = VERTEX_POINT('',#3177);
#3177 = CARTESIAN_POINT('',(111.3202,-132.4051,1.6));
#3178 = CIRCLE('',#3179,0.4);
#3179 = AXIS2_PLACEMENT_3D('',#3180,#3181,#3182);
#3180 = CARTESIAN_POINT('',(111.3202,-132.0051,1.6));
#3181 = DIRECTION('',(-0.,0.,-1.));
#3182 = DIRECTION('',(-0.,-1.,0.));
#3183 = FACE_BOUND('',#3184,.T.);
#3184 = EDGE_LOOP('',(#3185));
#3185 = ORIENTED_EDGE('',*,*,#3186,.T.);
#3186 = EDGE_CURVE('',#3187,#3187,#3189,.T.);
#3187 = VERTEX_POINT('',#3188);
#3188 = CARTESIAN_POINT('',(111.3202,-129.8651,1.6));
#3189 = CIRCLE('',#3190,0.4);
#3190 = AXIS2_PLACEMENT_3D('',#3191,#3192,#3193);
#3191 = CARTESIAN_POINT('',(111.3202,-129.4651,1.6));
#3192 = DIRECTION('',(-0.,0.,-1.));
#3193 = DIRECTION('',(-0.,-1.,0.));
#3194 = FACE_BOUND('',#3195,.T.);
#3195 = EDGE_LOOP('',(#3196));
#3196 = ORIENTED_EDGE('',*,*,#3197,.T.);
#3197 = EDGE_CURVE('',#3198,#3198,#3200,.T.);
#3198 = VERTEX_POINT('',#3199);
#3199 = CARTESIAN_POINT('',(101.1602,-127.3251,1.6));
#3200 = CIRCLE('',#3201,0.4);
#3201 = AXIS2_PLACEMENT_3D('',#3202,#3203,#3204);
#3202 = CARTESIAN_POINT('',(101.1602,-126.9251,1.6));
#3203 = DIRECTION('',(-0.,0.,-1.));
#3204 = DIRECTION('',(-0.,-1.,0.));
#3205 = FACE_BOUND('',#3206,.T.);
#3206 = EDGE_LOOP('',(#3207));
#3207 = ORIENTED_EDGE('',*,*,#3208,.T.);
#3208 = EDGE_CURVE('',#3209,#3209,#3211,.T.);
#3209 = VERTEX_POINT('',#3210);
#3210 = CARTESIAN_POINT('',(103.7002,-127.3251,1.6));
#3211 = CIRCLE('',#3212,0.4);
#3212 = AXIS2_PLACEMENT_3D('',#3213,#3214,#3215);
#3213 = CARTESIAN_POINT('',(103.7002,-126.9251,1.6));
#3214 = DIRECTION('',(-0.,0.,-1.));
#3215 = DIRECTION('',(-0.,-1.,0.));
#3216 = FACE_BOUND('',#3217,.T.);
#3217 = EDGE_LOOP('',(#3218));
#3218 = ORIENTED_EDGE('',*,*,#3219,.T.);
#3219 = EDGE_CURVE('',#3220,#3220,#3222,.T.);
#3220 = VERTEX_POINT('',#3221);
#3221 = CARTESIAN_POINT('',(106.2402,-127.3251,1.6));
#3222 = CIRCLE('',#3223,0.4);
#3223 = AXIS2_PLACEMENT_3D('',#3224,#3225,#3226);
#3224 = CARTESIAN_POINT('',(106.2402,-126.9251,1.6));
#3225 = DIRECTION('',(-0.,0.,-1.));
#3226 = DIRECTION('',(3.5527136788E-14,-1.,-0.));
#3227 = FACE_BOUND('',#3228,.T.);
#3228 = EDGE_LOOP('',(#3229));
#3229 = ORIENTED_EDGE('',*,*,#3230,.T.);
#3230 = EDGE_CURVE('',#3231,#3231,#3233,.T.);
#3231 = VERTEX_POINT('',#3232);
#3232 = CARTESIAN_POINT('',(104.9782,-121.0831,1.6));
#3233 = CIRCLE('',#3234,0.508);
#3234 = AXIS2_PLACEMENT_3D('',#3235,#3236,#3237);
#3235 = CARTESIAN_POINT('',(104.9782,-120.5751,1.6));
#3236 = DIRECTION('',(-0.,0.,-1.));
#3237 = DIRECTION('',(-0.,-1.,0.));
#3238 = FACE_BOUND('',#3239,.T.);
#3239 = EDGE_LOOP('',(#3240));
#3240 = ORIENTED_EDGE('',*,*,#3241,.T.);
#3241 = EDGE_CURVE('',#3242,#3242,#3244,.T.);
#3242 = VERTEX_POINT('',#3243);
#3243 = CARTESIAN_POINT('',(104.9782,-118.5431,1.6));
#3244 = CIRCLE('',#3245,0.508);
#3245 = AXIS2_PLACEMENT_3D('',#3246,#3247,#3248);
#3246 = CARTESIAN_POINT('',(104.9782,-118.0351,1.6));
#3247 = DIRECTION('',(-0.,0.,-1.));
#3248 = DIRECTION('',(-0.,-1.,0.));
#3249 = FACE_BOUND('',#3250,.T.);
#3250 = EDGE_LOOP('',(#3251));
#3251 = ORIENTED_EDGE('',*,*,#3252,.T.);
#3252 = EDGE_CURVE('',#3253,#3253,#3255,.T.);
#3253 = VERTEX_POINT('',#3254);
#3254 = CARTESIAN_POINT('',(108.7802,-127.3251,1.6));
#3255 = CIRCLE('',#3256,0.4);
#3256 = AXIS2_PLACEMENT_3D('',#3257,#3258,#3259);
#3257 = CARTESIAN_POINT('',(108.7802,-126.9251,1.6));
#3258 = DIRECTION('',(-0.,0.,-1.));
#3259 = DIRECTION('',(-3.552713678801E-14,-1.,0.));
#3260 = FACE_BOUND('',#3261,.T.);
#3261 = EDGE_LOOP('',(#3262));
#3262 = ORIENTED_EDGE('',*,*,#3263,.T.);
#3263 = EDGE_CURVE('',#3264,#3264,#3266,.T.);
#3264 = VERTEX_POINT('',#3265);
#3265 = CARTESIAN_POINT('',(111.3202,-127.3251,1.6));
#3266 = CIRCLE('',#3267,0.4);
#3267 = AXIS2_PLACEMENT_3D('',#3268,#3269,#3270);
#3268 = CARTESIAN_POINT('',(111.3202,-126.9251,1.6));
#3269 = DIRECTION('',(-0.,0.,-1.));
#3270 = DIRECTION('',(-0.,-1.,0.));
#3271 = FACE_BOUND('',#3272,.T.);
#3272 = EDGE_LOOP('',(#3273));
#3273 = ORIENTED_EDGE('',*,*,#3274,.T.);
#3274 = EDGE_CURVE('',#3275,#3275,#3277,.T.);
#3275 = VERTEX_POINT('',#3276);
#3276 = CARTESIAN_POINT('',(107.5182,-121.0831,1.6));
#3277 = CIRCLE('',#3278,0.508);
#3278 = AXIS2_PLACEMENT_3D('',#3279,#3280,#3281);
#3279 = CARTESIAN_POINT('',(107.5182,-120.5751,1.6));
#3280 = DIRECTION('',(-0.,0.,-1.));
#3281 = DIRECTION('',(-2.797412345512E-14,-1.,0.));
#3282 = FACE_BOUND('',#3283,.T.);
#3283 = EDGE_LOOP('',(#3284));
#3284 = ORIENTED_EDGE('',*,*,#3285,.T.);
#3285 = EDGE_CURVE('',#3286,#3286,#3288,.T.);
#3286 = VERTEX_POINT('',#3287);
#3287 = CARTESIAN_POINT('',(107.5182,-118.5431,1.6));
#3288 = CIRCLE('',#3289,0.508);
#3289 = AXIS2_PLACEMENT_3D('',#3290,#3291,#3292);
#3290 = CARTESIAN_POINT('',(107.5182,-118.0351,1.6));
#3291 = DIRECTION('',(-0.,0.,-1.));
#3292 = DIRECTION('',(-2.797412345512E-14,-1.,0.));
#3293 = FACE_BOUND('',#3294,.T.);
#3294 = EDGE_LOOP('',(#3295));
#3295 = ORIENTED_EDGE('',*,*,#3296,.T.);
#3296 = EDGE_CURVE('',#3297,#3297,#3299,.T.);
#3297 = VERTEX_POINT('',#3298);
#3298 = CARTESIAN_POINT('',(110.0582,-121.0831,1.6));
#3299 = CIRCLE('',#3300,0.508);
#3300 = AXIS2_PLACEMENT_3D('',#3301,#3302,#3303);
#3301 = CARTESIAN_POINT('',(110.0582,-120.5751,1.6));
#3302 = DIRECTION('',(-0.,0.,-1.));
#3303 = DIRECTION('',(-0.,-1.,0.));
#3304 = FACE_BOUND('',#3305,.T.);
#3305 = EDGE_LOOP('',(#3306));
#3306 = ORIENTED_EDGE('',*,*,#3307,.T.);
#3307 = EDGE_CURVE('',#3308,#3308,#3310,.T.);
#3308 = VERTEX_POINT('',#3309);
#3309 = CARTESIAN_POINT('',(110.0582,-118.5431,1.6));
#3310 = CIRCLE('',#3311,0.508);
#3311 = AXIS2_PLACEMENT_3D('',#3312,#3313,#3314);
#3312 = CARTESIAN_POINT('',(110.0582,-118.0351,1.6));
#3313 = DIRECTION('',(-0.,0.,-1.));
#3314 = DIRECTION('',(-0.,-1.,0.));
#3315 = PLANE('',#3316);
#3316 = AXIS2_PLACEMENT_3D('',#3317,#3318,#3319);
#3317 = CARTESIAN_POINT('',(0.,0.,1.6));
#3318 = DIRECTION('',(0.,0.,1.));
#3319 = DIRECTION('',(1.,0.,-0.));
#3320 = ADVANCED_FACE('',(#3321),#3332,.T.);
#3321 = FACE_BOUND('',#3322,.T.);
#3322 = EDGE_LOOP('',(#3323,#3329,#3330,#3331));
#3323 = ORIENTED_EDGE('',*,*,#3324,.T.);
#3324 = EDGE_CURVE('',#2313,#2820,#3325,.T.);
#3325 = LINE('',#3326,#3327);
#3326 = CARTESIAN_POINT('',(88.4682,-119.3051,0.));
#3327 = VECTOR('',#3328,1.);
#3328 = DIRECTION('',(0.,0.,1.));
#3329 = ORIENTED_EDGE('',*,*,#2819,.T.);
#3330 = ORIENTED_EDGE('',*,*,#2248,.F.);
#3331 = ORIENTED_EDGE('',*,*,#2312,.F.);
#3332 = CYLINDRICAL_SURFACE('',#3333,5.080001531029);
#3333 = AXIS2_PLACEMENT_3D('',#3334,#3335,#3336);
#3334 = CARTESIAN_POINT('',(93.548201531028,-119.305101531,0.));
#3335 = DIRECTION('',(0.,0.,-1.));
#3336 = DIRECTION('',(-1.,3.013834474164E-07,0.));
#3337 = ADVANCED_FACE('',(#3338),#3349,.T.);
#3338 = FACE_BOUND('',#3339,.T.);
#3339 = EDGE_LOOP('',(#3340,#3341,#3342,#3348));
#3340 = ORIENTED_EDGE('',*,*,#2288,.T.);
#3341 = ORIENTED_EDGE('',*,*,#2853,.T.);
#3342 = ORIENTED_EDGE('',*,*,#3343,.F.);
#3343 = EDGE_CURVE('',#2339,#2846,#3344,.T.);
#3344 = LINE('',#3345,#3346);
#3345 = CARTESIAN_POINT('',(121.4882,-165.0251,0.));
#3346 = VECTOR('',#3347,1.);
#3347 = DIRECTION('',(0.,0.,1.));
#3348 = ORIENTED_EDGE('',*,*,#2346,.F.);
#3349 = CYLINDRICAL_SURFACE('',#3350,5.080001531029);
#3350 = AXIS2_PLACEMENT_3D('',#3351,#3352,#3353);
#3351 = CARTESIAN_POINT('',(121.48819846897,-159.9450984689,0.));
#3352 = DIRECTION('',(0.,0.,-1.));
#3353 = DIRECTION('',(1.,-3.013834418216E-07,0.));
#3354 = ADVANCED_FACE('',(#3355),#3366,.T.);
#3355 = FACE_BOUND('',#3356,.T.);
#3356 = EDGE_LOOP('',(#3357,#3363,#3364,#3365));
#3357 = ORIENTED_EDGE('',*,*,#3358,.T.);
#3358 = EDGE_CURVE('',#2322,#2829,#3359,.T.);
#3359 = LINE('',#3360,#3361);
#3360 = CARTESIAN_POINT('',(88.4682,-159.9451,0.));
#3361 = VECTOR('',#3362,1.);
#3362 = DIRECTION('',(0.,0.,1.));
#3363 = ORIENTED_EDGE('',*,*,#2828,.T.);
#3364 = ORIENTED_EDGE('',*,*,#3324,.F.);
#3365 = ORIENTED_EDGE('',*,*,#2321,.F.);
#3366 = PLANE('',#3367);
#3367 = AXIS2_PLACEMENT_3D('',#3368,#3369,#3370);
#3368 = CARTESIAN_POINT('',(88.4682,-159.9451,0.));
#3369 = DIRECTION('',(-1.,0.,0.));
#3370 = DIRECTION('',(0.,1.,0.));
#3371 = ADVANCED_FACE('',(#3372),#3383,.T.);
#3372 = FACE_BOUND('',#3373,.T.);
#3373 = EDGE_LOOP('',(#3374,#3375,#3376,#3382));
#3374 = ORIENTED_EDGE('',*,*,#3343,.T.);
#3375 = ORIENTED_EDGE('',*,*,#2845,.T.);
#3376 = ORIENTED_EDGE('',*,*,#3377,.F.);
#3377 = EDGE_CURVE('',#2330,#2837,#3378,.T.);
#3378 = LINE('',#3379,#3380);
#3379 = CARTESIAN_POINT('',(93.5482,-165.0251,0.));
#3380 = VECTOR('',#3381,1.);
#3381 = DIRECTION('',(0.,0.,1.));
#3382 = ORIENTED_EDGE('',*,*,#2338,.F.);
#3383 = PLANE('',#3384);
#3384 = AXIS2_PLACEMENT_3D('',#3385,#3386,#3387);
#3385 = CARTESIAN_POINT('',(121.4882,-165.0251,0.));
#3386 = DIRECTION('',(0.,-1.,0.));
#3387 = DIRECTION('',(-1.,0.,0.));
#3388 = ADVANCED_FACE('',(#3389),#3395,.T.);
#3389 = FACE_BOUND('',#3390,.T.);
#3390 = EDGE_LOOP('',(#3391,#3392,#3393,#3394));
#3391 = ORIENTED_EDGE('',*,*,#3377,.T.);
#3392 = ORIENTED_EDGE('',*,*,#2836,.T.);
#3393 = ORIENTED_EDGE('',*,*,#3358,.F.);
#3394 = ORIENTED_EDGE('',*,*,#2329,.F.);
#3395 = CYLINDRICAL_SURFACE('',#3396,5.080001531029);
#3396 = AXIS2_PLACEMENT_3D('',#3397,#3398,#3399);
#3397 = CARTESIAN_POINT('',(93.548201531028,-159.9450984689,0.));
#3398 = DIRECTION('',(0.,0.,-1.));
#3399 = DIRECTION('',(-3.013834502138E-07,-1.,-0.));
#3400 = ADVANCED_FACE('',(#3401),#3412,.F.);
#3401 = FACE_BOUND('',#3402,.T.);
#3402 = EDGE_LOOP('',(#3403,#3404,#3410,#3411));
#3403 = ORIENTED_EDGE('',*,*,#2356,.T.);
#3404 = ORIENTED_EDGE('',*,*,#3405,.T.);
#3405 = EDGE_CURVE('',#2357,#2864,#3406,.T.);
#3406 = LINE('',#3407,#3408);
#3407 = CARTESIAN_POINT('',(91.0002,-142.5651,-4.5E-02));
#3408 = VECTOR('',#3409,1.);
#3409 = DIRECTION('',(0.,0.,1.));
#3410 = ORIENTED_EDGE('',*,*,#2863,.F.);
#3411 = ORIENTED_EDGE('',*,*,#3405,.F.);
#3412 = CYLINDRICAL_SURFACE('',#3413,0.4);
#3413 = AXIS2_PLACEMENT_3D('',#3414,#3415,#3416);
#3414 = CARTESIAN_POINT('',(91.0002,-142.1651,-4.5E-02));
#3415 = DIRECTION('',(-0.,-0.,-1.));
#3416 = DIRECTION('',(-0.,-1.,0.));
#3417 = ADVANCED_FACE('',(#3418),#3429,.F.);
#3418 = FACE_BOUND('',#3419,.T.);
#3419 = EDGE_LOOP('',(#3420,#3421,#3427,#3428));
#3420 = ORIENTED_EDGE('',*,*,#2367,.T.);
#3421 = ORIENTED_EDGE('',*,*,#3422,.T.);
#3422 = EDGE_CURVE('',#2368,#2875,#3423,.T.);
#3423 = LINE('',#3424,#3425);
#3424 = CARTESIAN_POINT('',(93.5402,-142.5651,-4.5E-02));
#3425 = VECTOR('',#3426,1.);
#3426 = DIRECTION('',(0.,0.,1.));
#3427 = ORIENTED_EDGE('',*,*,#2874,.F.);
#3428 = ORIENTED_EDGE('',*,*,#3422,.F.);
#3429 = CYLINDRICAL_SURFACE('',#3430,0.4);
#3430 = AXIS2_PLACEMENT_3D('',#3431,#3432,#3433);
#3431 = CARTESIAN_POINT('',(93.5402,-142.1651,-4.5E-02));
#3432 = DIRECTION('',(-0.,-0.,-1.));
#3433 = DIRECTION('',(-0.,-1.,0.));
#3434 = ADVANCED_FACE('',(#3435),#3446,.F.);
#3435 = FACE_BOUND('',#3436,.T.);
#3436 = EDGE_LOOP('',(#3437,#3438,#3444,#3445));
#3437 = ORIENTED_EDGE('',*,*,#2378,.T.);
#3438 = ORIENTED_EDGE('',*,*,#3439,.T.);
#3439 = EDGE_CURVE('',#2379,#2886,#3440,.T.);
#3440 = LINE('',#3441,#3442);
#3441 = CARTESIAN_POINT('',(96.0802,-142.5651,-4.5E-02));
#3442 = VECTOR('',#3443,1.);
#3443 = DIRECTION('',(0.,0.,1.));
#3444 = ORIENTED_EDGE('',*,*,#2885,.F.);
#3445 = ORIENTED_EDGE('',*,*,#3439,.F.);
#3446 = CYLINDRICAL_SURFACE('',#3447,0.4);
#3447 = AXIS2_PLACEMENT_3D('',#3448,#3449,#3450);
#3448 = CARTESIAN_POINT('',(96.0802,-142.1651,-4.5E-02));
#3449 = DIRECTION('',(-0.,0.,-1.));
#3450 = DIRECTION('',(3.5527136788E-14,-1.,-0.));
#3451 = ADVANCED_FACE('',(#3452),#3463,.F.);
#3452 = FACE_BOUND('',#3453,.T.);
#3453 = EDGE_LOOP('',(#3454,#3455,#3461,#3462));
#3454 = ORIENTED_EDGE('',*,*,#2389,.T.);
#3455 = ORIENTED_EDGE('',*,*,#3456,.T.);
#3456 = EDGE_CURVE('',#2390,#2897,#3457,.T.);
#3457 = LINE('',#3458,#3459);
#3458 = CARTESIAN_POINT('',(98.6202,-142.5651,-4.5E-02));
#3459 = VECTOR('',#3460,1.);
#3460 = DIRECTION('',(0.,0.,1.));
#3461 = ORIENTED_EDGE('',*,*,#2896,.F.);
#3462 = ORIENTED_EDGE('',*,*,#3456,.F.);
#3463 = CYLINDRICAL_SURFACE('',#3464,0.4);
#3464 = AXIS2_PLACEMENT_3D('',#3465,#3466,#3467);
#3465 = CARTESIAN_POINT('',(98.6202,-142.1651,-4.5E-02));
#3466 = DIRECTION('',(-0.,-0.,-1.));
#3467 = DIRECTION('',(-3.5527136788E-14,-1.,0.));
#3468 = ADVANCED_FACE('',(#3469),#3480,.F.);
#3469 = FACE_BOUND('',#3470,.T.);
#3470 = EDGE_LOOP('',(#3471,#3472,#3478,#3479));
#3471 = ORIENTED_EDGE('',*,*,#2400,.T.);
#3472 = ORIENTED_EDGE('',*,*,#3473,.T.);
#3473 = EDGE_CURVE('',#2401,#2908,#3474,.T.);
#3474 = LINE('',#3475,#3476);
#3475 = CARTESIAN_POINT('',(104.9782,-160.4023,-4.5E-02));
#3476 = VECTOR('',#3477,1.);
#3477 = DIRECTION('',(0.,0.,1.));
#3478 = ORIENTED_EDGE('',*,*,#2907,.F.);
#3479 = ORIENTED_EDGE('',*,*,#3473,.F.);
#3480 = CYLINDRICAL_SURFACE('',#3481,0.508);
#3481 = AXIS2_PLACEMENT_3D('',#3482,#3483,#3484);
#3482 = CARTESIAN_POINT('',(104.9782,-159.8943,-4.5E-02));
#3483 = DIRECTION('',(-0.,-0.,-1.));
#3484 = DIRECTION('',(-0.,-1.,0.));
#3485 = ADVANCED_FACE('',(#3486),#3497,.F.);
#3486 = FACE_BOUND('',#3487,.T.);
#3487 = EDGE_LOOP('',(#3488,#3489,#3495,#3496));
#3488 = ORIENTED_EDGE('',*,*,#2411,.T.);
#3489 = ORIENTED_EDGE('',*,*,#3490,.T.);
#3490 = EDGE_CURVE('',#2412,#2919,#3491,.T.);
#3491 = LINE('',#3492,#3493);
#3492 = CARTESIAN_POINT('',(104.9782,-157.8623,-4.5E-02));
#3493 = VECTOR('',#3494,1.);
#3494 = DIRECTION('',(0.,0.,1.));
#3495 = ORIENTED_EDGE('',*,*,#2918,.F.);
#3496 = ORIENTED_EDGE('',*,*,#3490,.F.);
#3497 = CYLINDRICAL_SURFACE('',#3498,0.508);
#3498 = AXIS2_PLACEMENT_3D('',#3499,#3500,#3501);
#3499 = CARTESIAN_POINT('',(104.9782,-157.3543,-4.5E-02));
#3500 = DIRECTION('',(-0.,-0.,-1.));
#3501 = DIRECTION('',(-0.,-1.,0.));
#3502 = ADVANCED_FACE('',(#3503),#3514,.F.);
#3503 = FACE_BOUND('',#3504,.T.);
#3504 = EDGE_LOOP('',(#3505,#3506,#3512,#3513));
#3505 = ORIENTED_EDGE('',*,*,#2422,.T.);
#3506 = ORIENTED_EDGE('',*,*,#3507,.T.);
#3507 = EDGE_CURVE('',#2423,#2930,#3508,.T.);
#3508 = LINE('',#3509,#3510);
#3509 = CARTESIAN_POINT('',(107.5182,-160.4023,-4.5E-02));
#3510 = VECTOR('',#3511,1.);
#3511 = DIRECTION('',(0.,0.,1.));
#3512 = ORIENTED_EDGE('',*,*,#2929,.F.);
#3513 = ORIENTED_EDGE('',*,*,#3507,.F.);
#3514 = CYLINDRICAL_SURFACE('',#3515,0.508);
#3515 = AXIS2_PLACEMENT_3D('',#3516,#3517,#3518);
#3516 = CARTESIAN_POINT('',(107.5182,-159.8943,-4.5E-02));
#3517 = DIRECTION('',(-0.,-0.,-1.));
#3518 = DIRECTION('',(-2.797412345512E-14,-1.,0.));
#3519 = ADVANCED_FACE('',(#3520),#3531,.F.);
#3520 = FACE_BOUND('',#3521,.T.);
#3521 = EDGE_LOOP('',(#3522,#3523,#3529,#3530));
#3522 = ORIENTED_EDGE('',*,*,#2433,.T.);
#3523 = ORIENTED_EDGE('',*,*,#3524,.T.);
#3524 = EDGE_CURVE('',#2434,#2941,#3525,.T.);
#3525 = LINE('',#3526,#3527);
#3526 = CARTESIAN_POINT('',(107.5182,-157.8623,-4.5E-02));
#3527 = VECTOR('',#3528,1.);
#3528 = DIRECTION('',(0.,0.,1.));
#3529 = ORIENTED_EDGE('',*,*,#2940,.F.);
#3530 = ORIENTED_EDGE('',*,*,#3524,.F.);
#3531 = CYLINDRICAL_SURFACE('',#3532,0.508);
#3532 = AXIS2_PLACEMENT_3D('',#3533,#3534,#3535);
#3533 = CARTESIAN_POINT('',(107.5182,-157.3543,-4.5E-02));
#3534 = DIRECTION('',(-0.,-0.,-1.));
#3535 = DIRECTION('',(-2.797412345512E-14,-1.,0.));
#3536 = ADVANCED_FACE('',(#3537),#3548,.F.);
#3537 = FACE_BOUND('',#3538,.T.);
#3538 = EDGE_LOOP('',(#3539,#3540,#3546,#3547));
#3539 = ORIENTED_EDGE('',*,*,#2444,.T.);
#3540 = ORIENTED_EDGE('',*,*,#3541,.T.);
#3541 = EDGE_CURVE('',#2445,#2952,#3542,.T.);
#3542 = LINE('',#3543,#3544);
#3543 = CARTESIAN_POINT('',(110.0582,-160.4023,-4.5E-02));
#3544 = VECTOR('',#3545,1.);
#3545 = DIRECTION('',(0.,0.,1.));
#3546 = ORIENTED_EDGE('',*,*,#2951,.F.);
#3547 = ORIENTED_EDGE('',*,*,#3541,.F.);
#3548 = CYLINDRICAL_SURFACE('',#3549,0.508);
#3549 = AXIS2_PLACEMENT_3D('',#3550,#3551,#3552);
#3550 = CARTESIAN_POINT('',(110.0582,-159.8943,-4.5E-02));
#3551 = DIRECTION('',(-0.,-0.,-1.));
#3552 = DIRECTION('',(-0.,-1.,0.));
#3553 = ADVANCED_FACE('',(#3554),#3565,.F.);
#3554 = FACE_BOUND('',#3555,.T.);
#3555 = EDGE_LOOP('',(#3556,#3557,#3563,#3564));
#3556 = ORIENTED_EDGE('',*,*,#2455,.T.);
#3557 = ORIENTED_EDGE('',*,*,#3558,.T.);
#3558 = EDGE_CURVE('',#2456,#2963,#3559,.T.);
#3559 = LINE('',#3560,#3561);
#3560 = CARTESIAN_POINT('',(110.0582,-157.8623,-4.5E-02));
#3561 = VECTOR('',#3562,1.);
#3562 = DIRECTION('',(0.,0.,1.));
#3563 = ORIENTED_EDGE('',*,*,#2962,.F.);
#3564 = ORIENTED_EDGE('',*,*,#3558,.F.);
#3565 = CYLINDRICAL_SURFACE('',#3566,0.508);
#3566 = AXIS2_PLACEMENT_3D('',#3567,#3568,#3569);
#3567 = CARTESIAN_POINT('',(110.0582,-157.3543,-4.5E-02));
#3568 = DIRECTION('',(-0.,-0.,-1.));
#3569 = DIRECTION('',(-0.,-1.,0.));
#3570 = ADVANCED_FACE('',(#3571),#3582,.F.);
#3571 = FACE_BOUND('',#3572,.T.);
#3572 = EDGE_LOOP('',(#3573,#3574,#3580,#3581));
#3573 = ORIENTED_EDGE('',*,*,#2466,.T.);
#3574 = ORIENTED_EDGE('',*,*,#3575,.T.);
#3575 = EDGE_CURVE('',#2467,#2974,#3576,.T.);
#3576 = LINE('',#3577,#3578);
#3577 = CARTESIAN_POINT('',(101.1602,-142.5651,-4.5E-02));
#3578 = VECTOR('',#3579,1.);
#3579 = DIRECTION('',(0.,0.,1.));
#3580 = ORIENTED_EDGE('',*,*,#2973,.F.);
#3581 = ORIENTED_EDGE('',*,*,#3575,.F.);
#3582 = CYLINDRICAL_SURFACE('',#3583,0.4);
#3583 = AXIS2_PLACEMENT_3D('',#3584,#3585,#3586);
#3584 = CARTESIAN_POINT('',(101.1602,-142.1651,-4.5E-02));
#3585 = DIRECTION('',(-0.,-0.,-1.));
#3586 = DIRECTION('',(-0.,-1.,0.));
#3587 = ADVANCED_FACE('',(#3588),#3599,.F.);
#3588 = FACE_BOUND('',#3589,.T.);
#3589 = EDGE_LOOP('',(#3590,#3591,#3597,#3598));
#3590 = ORIENTED_EDGE('',*,*,#2477,.T.);
#3591 = ORIENTED_EDGE('',*,*,#3592,.T.);
#3592 = EDGE_CURVE('',#2478,#2985,#3593,.T.);
#3593 = LINE('',#3594,#3595);
#3594 = CARTESIAN_POINT('',(103.7002,-142.5651,-4.5E-02));
#3595 = VECTOR('',#3596,1.);
#3596 = DIRECTION('',(0.,0.,1.));
#3597 = ORIENTED_EDGE('',*,*,#2984,.F.);
#3598 = ORIENTED_EDGE('',*,*,#3592,.F.);
#3599 = CYLINDRICAL_SURFACE('',#3600,0.4);
#3600 = AXIS2_PLACEMENT_3D('',#3601,#3602,#3603);
#3601 = CARTESIAN_POINT('',(103.7002,-142.1651,-4.5E-02));
#3602 = DIRECTION('',(-0.,-0.,-1.));
#3603 = DIRECTION('',(-0.,-1.,0.));
#3604 = ADVANCED_FACE('',(#3605),#3616,.F.);
#3605 = FACE_BOUND('',#3606,.T.);
#3606 = EDGE_LOOP('',(#3607,#3608,#3614,#3615));
#3607 = ORIENTED_EDGE('',*,*,#2488,.T.);
#3608 = ORIENTED_EDGE('',*,*,#3609,.T.);
#3609 = EDGE_CURVE('',#2489,#2996,#3610,.T.);
#3610 = LINE('',#3611,#3612);
#3611 = CARTESIAN_POINT('',(106.2402,-142.5651,-4.5E-02));
#3612 = VECTOR('',#3613,1.);
#3613 = DIRECTION('',(0.,0.,1.));
#3614 = ORIENTED_EDGE('',*,*,#2995,.F.);
#3615 = ORIENTED_EDGE('',*,*,#3609,.F.);
#3616 = CYLINDRICAL_SURFACE('',#3617,0.4);
#3617 = AXIS2_PLACEMENT_3D('',#3618,#3619,#3620);
#3618 = CARTESIAN_POINT('',(106.2402,-142.1651,-4.5E-02));
#3619 = DIRECTION('',(-0.,0.,-1.));
#3620 = DIRECTION('',(3.5527136788E-14,-1.,-0.));
#3621 = ADVANCED_FACE('',(#3622),#3633,.F.);
#3622 = FACE_BOUND('',#3623,.T.);
#3623 = EDGE_LOOP('',(#3624,#3625,#3631,#3632));
#3624 = ORIENTED_EDGE('',*,*,#2499,.T.);
#3625 = ORIENTED_EDGE('',*,*,#3626,.T.);
#3626 = EDGE_CURVE('',#2500,#3007,#3627,.T.);
#3627 = LINE('',#3628,#3629);
#3628 = CARTESIAN_POINT('',(108.7802,-142.5651,-4.5E-02));
#3629 = VECTOR('',#3630,1.);
#3630 = DIRECTION('',(0.,0.,1.));
#3631 = ORIENTED_EDGE('',*,*,#3006,.F.);
#3632 = ORIENTED_EDGE('',*,*,#3626,.F.);
#3633 = CYLINDRICAL_SURFACE('',#3634,0.4);
#3634 = AXIS2_PLACEMENT_3D('',#3635,#3636,#3637);
#3635 = CARTESIAN_POINT('',(108.7802,-142.1651,-4.5E-02));
#3636 = DIRECTION('',(-0.,-0.,-1.));
#3637 = DIRECTION('',(-3.5527136788E-14,-1.,0.));
#3638 = ADVANCED_FACE('',(#3639),#3650,.F.);
#3639 = FACE_BOUND('',#3640,.T.);
#3640 = EDGE_LOOP('',(#3641,#3642,#3648,#3649));
#3641 = ORIENTED_EDGE('',*,*,#2510,.T.);
#3642 = ORIENTED_EDGE('',*,*,#3643,.T.);
#3643 = EDGE_CURVE('',#2511,#3018,#3644,.T.);
#3644 = LINE('',#3645,#3646);
#3645 = CARTESIAN_POINT('',(111.3202,-142.5651,-4.5E-02));
#3646 = VECTOR('',#3647,1.);
#3647 = DIRECTION('',(0.,0.,1.));
#3648 = ORIENTED_EDGE('',*,*,#3017,.F.);
#3649 = ORIENTED_EDGE('',*,*,#3643,.F.);
#3650 = CYLINDRICAL_SURFACE('',#3651,0.4);
#3651 = AXIS2_PLACEMENT_3D('',#3652,#3653,#3654);
#3652 = CARTESIAN_POINT('',(111.3202,-142.1651,-4.5E-02));
#3653 = DIRECTION('',(-0.,-0.,-1.));
#3654 = DIRECTION('',(-0.,-1.,0.));
#3655 = ADVANCED_FACE('',(#3656),#3667,.F.);
#3656 = FACE_BOUND('',#3657,.T.);
#3657 = EDGE_LOOP('',(#3658,#3659,#3665,#3666));
#3658 = ORIENTED_EDGE('',*,*,#2521,.T.);
#3659 = ORIENTED_EDGE('',*,*,#3660,.T.);
#3660 = EDGE_CURVE('',#2522,#3029,#3661,.T.);
#3661 = LINE('',#3662,#3663);
#3662 = CARTESIAN_POINT('',(111.3202,-140.0251,-4.5E-02));
#3663 = VECTOR('',#3664,1.);
#3664 = DIRECTION('',(0.,0.,1.));
#3665 = ORIENTED_EDGE('',*,*,#3028,.F.);
#3666 = ORIENTED_EDGE('',*,*,#3660,.F.);
#3667 = CYLINDRICAL_SURFACE('',#3668,0.4);
#3668 = AXIS2_PLACEMENT_3D('',#3669,#3670,#3671);
#3669 = CARTESIAN_POINT('',(111.3202,-139.6251,-4.5E-02));
#3670 = DIRECTION('',(-0.,-0.,-1.));
#3671 = DIRECTION('',(-0.,-1.,0.));
#3672 = ADVANCED_FACE('',(#3673),#3689,.F.);
#3673 = FACE_BOUND('',#3674,.T.);
#3674 = EDGE_LOOP('',(#3675,#3681,#3682,#3688));
#3675 = ORIENTED_EDGE('',*,*,#3676,.T.);
#3676 = EDGE_CURVE('',#2533,#3040,#3677,.T.);
#3677 = LINE('',#3678,#3679);
#3678 = CARTESIAN_POINT('',(91.25662,-129.20752,0.));
#3679 = VECTOR('',#3680,1.);
#3680 = DIRECTION('',(0.,0.,1.));
#3681 = ORIENTED_EDGE('',*,*,#3039,.T.);
#3682 = ORIENTED_EDGE('',*,*,#3683,.F.);
#3683 = EDGE_CURVE('',#2535,#3042,#3684,.T.);
#3684 = LINE('',#3685,#3686);
#3685 = CARTESIAN_POINT('',(90.24062,-130.22352,0.));
#3686 = VECTOR('',#3687,1.);
#3687 = DIRECTION('',(0.,0.,1.));
#3688 = ORIENTED_EDGE('',*,*,#2532,.F.);
#3689 = CYLINDRICAL_SURFACE('',#3690,1.016001671896);
#3690 = AXIS2_PLACEMENT_3D('',#3691,#3692,#3693);
#3691 = CARTESIAN_POINT('',(91.256621671894,-130.2235216718,0.));
#3692 = DIRECTION('',(-0.,-0.,-1.));
#3693 = DIRECTION('',(-1.645562571957E-06,0.999999999999,0.));
#3694 = ADVANCED_FACE('',(#3695),#3706,.T.);
#3695 = FACE_BOUND('',#3696,.T.);
#3696 = EDGE_LOOP('',(#3697,#3703,#3704,#3705));
#3697 = ORIENTED_EDGE('',*,*,#3698,.T.);
#3698 = EDGE_CURVE('',#2544,#3051,#3699,.T.);
#3699 = LINE('',#3700,#3701);
#3700 = CARTESIAN_POINT('',(109.0342,-129.2111,0.));
#3701 = VECTOR('',#3702,1.);
#3702 = DIRECTION('',(0.,0.,1.));
#3703 = ORIENTED_EDGE('',*,*,#3050,.T.);
#3704 = ORIENTED_EDGE('',*,*,#3676,.F.);
#3705 = ORIENTED_EDGE('',*,*,#2543,.F.);
#3706 = PLANE('',#3707);
#3707 = AXIS2_PLACEMENT_3D('',#3708,#3709,#3710);
#3708 = CARTESIAN_POINT('',(109.0342,-129.2111,0.));
#3709 = DIRECTION('',(-2.013772362386E-04,-0.999999979724,0.));
#3710 = DIRECTION('',(-0.999999979724,2.013772362386E-04,0.));
#3711 = ADVANCED_FACE('',(#3712),#3723,.T.);
#3712 = FACE_BOUND('',#3713,.T.);
#3713 = EDGE_LOOP('',(#3714,#3715,#3716,#3722));
#3714 = ORIENTED_EDGE('',*,*,#3683,.T.);
#3715 = ORIENTED_EDGE('',*,*,#3101,.T.);
#3716 = ORIENTED_EDGE('',*,*,#3717,.F.);
#3717 = EDGE_CURVE('',#2586,#3093,#3718,.T.);
#3718 = LINE('',#3719,#3720);
#3719 = CARTESIAN_POINT('',(90.2322,-138.8691,0.));
#3720 = VECTOR('',#3721,1.);
#3721 = DIRECTION('',(0.,0.,1.));
#3722 = ORIENTED_EDGE('',*,*,#2594,.F.);
#3723 = PLANE('',#3724);
#3724 = AXIS2_PLACEMENT_3D('',#3725,#3726,#3727);
#3725 = CARTESIAN_POINT('',(90.24062,-130.22352,0.));
#3726 = DIRECTION('',(0.999999525752,-9.739075928777E-04,0.));
#3727 = DIRECTION('',(-9.739075928777E-04,-0.999999525752,0.));
#3728 = ADVANCED_FACE('',(#3729),#3740,.F.);
#3729 = FACE_BOUND('',#3730,.T.);
#3730 = EDGE_LOOP('',(#3731,#3737,#3738,#3739));
#3731 = ORIENTED_EDGE('',*,*,#3732,.T.);
#3732 = EDGE_CURVE('',#2552,#3059,#3733,.T.);
#3733 = LINE('',#3734,#3735);
#3734 = CARTESIAN_POINT('',(110.0502,-130.2271,0.));
#3735 = VECTOR('',#3736,1.);
#3736 = DIRECTION('',(0.,0.,1.));
#3737 = ORIENTED_EDGE('',*,*,#3058,.T.);
#3738 = ORIENTED_EDGE('',*,*,#3698,.F.);
#3739 = ORIENTED_EDGE('',*,*,#2551,.F.);
#3740 = CYLINDRICAL_SURFACE('',#3741,1.016001671896);
#3741 = AXIS2_PLACEMENT_3D('',#3742,#3743,#3744);
#3742 = CARTESIAN_POINT('',(109.0341983281,-130.2271016718,0.));
#3743 = DIRECTION('',(-0.,-0.,-1.));
#3744 = DIRECTION('',(0.999999999999,1.645562543983E-06,-0.));
#3745 = ADVANCED_FACE('',(#3746),#3757,.F.);
#3746 = FACE_BOUND('',#3747,.T.);
#3747 = EDGE_LOOP('',(#3748,#3749,#3750,#3756));
#3748 = ORIENTED_EDGE('',*,*,#3717,.T.);
#3749 = ORIENTED_EDGE('',*,*,#3092,.T.);
#3750 = ORIENTED_EDGE('',*,*,#3751,.F.);
#3751 = EDGE_CURVE('',#2578,#3085,#3752,.T.);
#3752 = LINE('',#3753,#3754);
#3753 = CARTESIAN_POINT('',(91.2482,-139.8851,0.));
#3754 = VECTOR('',#3755,1.);
#3755 = DIRECTION('',(0.,0.,1.));
#3756 = ORIENTED_EDGE('',*,*,#2585,.F.);
#3757 = CYLINDRICAL_SURFACE('',#3758,1.016001671896);
#3758 = AXIS2_PLACEMENT_3D('',#3759,#3760,#3761);
#3759 = CARTESIAN_POINT('',(91.248201671894,-138.8690983281,0.));
#3760 = DIRECTION('',(-0.,-0.,-1.));
#3761 = DIRECTION('',(-0.999999999999,-1.645562516009E-06,0.));
#3762 = ADVANCED_FACE('',(#3763),#3774,.T.);
#3763 = FACE_BOUND('',#3764,.T.);
#3764 = EDGE_LOOP('',(#3765,#3771,#3772,#3773));
#3765 = ORIENTED_EDGE('',*,*,#3766,.T.);
#3766 = EDGE_CURVE('',#2561,#3068,#3767,.T.);
#3767 = LINE('',#3768,#3769);
#3768 = CARTESIAN_POINT('',(110.0502,-138.8631,0.));
#3769 = VECTOR('',#3770,1.);
#3770 = DIRECTION('',(0.,0.,1.));
#3771 = ORIENTED_EDGE('',*,*,#3067,.T.);
#3772 = ORIENTED_EDGE('',*,*,#3732,.F.);
#3773 = ORIENTED_EDGE('',*,*,#2560,.F.);
#3774 = PLANE('',#3775);
#3775 = AXIS2_PLACEMENT_3D('',#3776,#3777,#3778);
#3776 = CARTESIAN_POINT('',(110.0502,-138.8631,0.));
#3777 = DIRECTION('',(-1.,0.,0.));
#3778 = DIRECTION('',(0.,1.,0.));
#3779 = ADVANCED_FACE('',(#3780),#3791,.T.);
#3780 = FACE_BOUND('',#3781,.T.);
#3781 = EDGE_LOOP('',(#3782,#3783,#3784,#3790));
#3782 = ORIENTED_EDGE('',*,*,#3751,.T.);
#3783 = ORIENTED_EDGE('',*,*,#3084,.T.);
#3784 = ORIENTED_EDGE('',*,*,#3785,.F.);
#3785 = EDGE_CURVE('',#2569,#3076,#3786,.T.);
#3786 = LINE('',#3787,#3788);
#3787 = CARTESIAN_POINT('',(109.0342,-139.8791,0.));
#3788 = VECTOR('',#3789,1.);
#3789 = DIRECTION('',(0.,0.,1.));
#3790 = ORIENTED_EDGE('',*,*,#2577,.F.);
#3791 = PLANE('',#3792);
#3792 = AXIS2_PLACEMENT_3D('',#3793,#3794,#3795);
#3793 = CARTESIAN_POINT('',(91.2482,-139.8851,0.));
#3794 = DIRECTION('',(-3.37343959215E-04,0.9999999431,0.));
#3795 = DIRECTION('',(0.9999999431,3.37343959215E-04,0.));
#3796 = ADVANCED_FACE('',(#3797),#3803,.F.);
#3797 = FACE_BOUND('',#3798,.T.);
#3798 = EDGE_LOOP('',(#3799,#3800,#3801,#3802));
#3799 = ORIENTED_EDGE('',*,*,#3785,.T.);
#3800 = ORIENTED_EDGE('',*,*,#3075,.T.);
#3801 = ORIENTED_EDGE('',*,*,#3766,.F.);
#3802 = ORIENTED_EDGE('',*,*,#2568,.F.);
#3803 = CYLINDRICAL_SURFACE('',#3804,1.016001671896);
#3804 = AXIS2_PLACEMENT_3D('',#3805,#3806,#3807);
#3805 = CARTESIAN_POINT('',(109.0341983281,-138.8630983281,0.));
#3806 = DIRECTION('',(-0.,-0.,-1.));
#3807 = DIRECTION('',(1.64556255797E-06,-0.999999999999,0.));
#3808 = ADVANCED_FACE('',(#3809),#3820,.F.);
#3809 = FACE_BOUND('',#3810,.T.);
#3810 = EDGE_LOOP('',(#3811,#3812,#3818,#3819));
#3811 = ORIENTED_EDGE('',*,*,#2602,.T.);
#3812 = ORIENTED_EDGE('',*,*,#3813,.T.);
#3813 = EDGE_CURVE('',#2603,#3110,#3814,.T.);
#3814 = LINE('',#3815,#3816);
#3815 = CARTESIAN_POINT('',(91.0002,-127.3251,-4.5E-02));
#3816 = VECTOR('',#3817,1.);
#3817 = DIRECTION('',(0.,0.,1.));
#3818 = ORIENTED_EDGE('',*,*,#3109,.F.);
#3819 = ORIENTED_EDGE('',*,*,#3813,.F.);
#3820 = CYLINDRICAL_SURFACE('',#3821,0.4);
#3821 = AXIS2_PLACEMENT_3D('',#3822,#3823,#3824);
#3822 = CARTESIAN_POINT('',(91.0002,-126.9251,-4.5E-02));
#3823 = DIRECTION('',(-0.,-0.,-1.));
#3824 = DIRECTION('',(-0.,-1.,0.));
#3825 = ADVANCED_FACE('',(#3826),#3837,.F.);
#3826 = FACE_BOUND('',#3827,.T.);
#3827 = EDGE_LOOP('',(#3828,#3829,#3835,#3836));
#3828 = ORIENTED_EDGE('',*,*,#2613,.T.);
#3829 = ORIENTED_EDGE('',*,*,#3830,.T.);
#3830 = EDGE_CURVE('',#2614,#3121,#3831,.T.);
#3831 = LINE('',#3832,#3833);
#3832 = CARTESIAN_POINT('',(93.5402,-127.3251,-4.5E-02));
#3833 = VECTOR('',#3834,1.);
#3834 = DIRECTION('',(0.,0.,1.));
#3835 = ORIENTED_EDGE('',*,*,#3120,.F.);
#3836 = ORIENTED_EDGE('',*,*,#3830,.F.);
#3837 = CYLINDRICAL_SURFACE('',#3838,0.4);
#3838 = AXIS2_PLACEMENT_3D('',#3839,#3840,#3841);
#3839 = CARTESIAN_POINT('',(93.5402,-126.9251,-4.5E-02));
#3840 = DIRECTION('',(-0.,-0.,-1.));
#3841 = DIRECTION('',(-0.,-1.,0.));
#3842 = ADVANCED_FACE('',(#3843),#3854,.F.);
#3843 = FACE_BOUND('',#3844,.T.);
#3844 = EDGE_LOOP('',(#3845,#3846,#3852,#3853));
#3845 = ORIENTED_EDGE('',*,*,#2624,.T.);
#3846 = ORIENTED_EDGE('',*,*,#3847,.T.);
#3847 = EDGE_CURVE('',#2625,#3132,#3848,.T.);
#3848 = LINE('',#3849,#3850);
#3849 = CARTESIAN_POINT('',(96.0802,-127.3251,-4.5E-02));
#3850 = VECTOR('',#3851,1.);
#3851 = DIRECTION('',(0.,0.,1.));
#3852 = ORIENTED_EDGE('',*,*,#3131,.F.);
#3853 = ORIENTED_EDGE('',*,*,#3847,.F.);
#3854 = CYLINDRICAL_SURFACE('',#3855,0.4);
#3855 = AXIS2_PLACEMENT_3D('',#3856,#3857,#3858);
#3856 = CARTESIAN_POINT('',(96.0802,-126.9251,-4.5E-02));
#3857 = DIRECTION('',(-0.,0.,-1.));
#3858 = DIRECTION('',(3.5527136788E-14,-1.,-0.));
#3859 = ADVANCED_FACE('',(#3860),#3871,.F.);
#3860 = FACE_BOUND('',#3861,.T.);
#3861 = EDGE_LOOP('',(#3862,#3863,#3869,#3870));
#3862 = ORIENTED_EDGE('',*,*,#2635,.T.);
#3863 = ORIENTED_EDGE('',*,*,#3864,.T.);
#3864 = EDGE_CURVE('',#2636,#3143,#3865,.T.);
#3865 = LINE('',#3866,#3867);
#3866 = CARTESIAN_POINT('',(98.6202,-127.3251,-4.5E-02));
#3867 = VECTOR('',#3868,1.);
#3868 = DIRECTION('',(0.,0.,1.));
#3869 = ORIENTED_EDGE('',*,*,#3142,.F.);
#3870 = ORIENTED_EDGE('',*,*,#3864,.F.);
#3871 = CYLINDRICAL_SURFACE('',#3872,0.4);
#3872 = AXIS2_PLACEMENT_3D('',#3873,#3874,#3875);
#3873 = CARTESIAN_POINT('',(98.6202,-126.9251,-4.5E-02));
#3874 = DIRECTION('',(-0.,-0.,-1.));
#3875 = DIRECTION('',(-3.552713678801E-14,-1.,0.));
#3876 = ADVANCED_FACE('',(#3877),#3888,.F.);
#3877 = FACE_BOUND('',#3878,.T.);
#3878 = EDGE_LOOP('',(#3879,#3880,#3886,#3887));
#3879 = ORIENTED_EDGE('',*,*,#2646,.T.);
#3880 = ORIENTED_EDGE('',*,*,#3881,.T.);
#3881 = EDGE_CURVE('',#2647,#3154,#3882,.T.);
#3882 = LINE('',#3883,#3884);
#3883 = CARTESIAN_POINT('',(111.3202,-137.4851,-4.5E-02));
#3884 = VECTOR('',#3885,1.);
#3885 = DIRECTION('',(0.,0.,1.));
#3886 = ORIENTED_EDGE('',*,*,#3153,.F.);
#3887 = ORIENTED_EDGE('',*,*,#3881,.F.);
#3888 = CYLINDRICAL_SURFACE('',#3889,0.4);
#3889 = AXIS2_PLACEMENT_3D('',#3890,#3891,#3892);
#3890 = CARTESIAN_POINT('',(111.3202,-137.0851,-4.5E-02));
#3891 = DIRECTION('',(-0.,-0.,-1.));
#3892 = DIRECTION('',(-0.,-1.,0.));
#3893 = ADVANCED_FACE('',(#3894),#3905,.F.);
#3894 = FACE_BOUND('',#3895,.T.);
#3895 = EDGE_LOOP('',(#3896,#3897,#3903,#3904));
#3896 = ORIENTED_EDGE('',*,*,#2657,.T.);
#3897 = ORIENTED_EDGE('',*,*,#3898,.T.);
#3898 = EDGE_CURVE('',#2658,#3165,#3899,.T.);
#3899 = LINE('',#3900,#3901);
#3900 = CARTESIAN_POINT('',(111.3202,-134.9451,-4.5E-02));
#3901 = VECTOR('',#3902,1.);
#3902 = DIRECTION('',(0.,0.,1.));
#3903 = ORIENTED_EDGE('',*,*,#3164,.F.);
#3904 = ORIENTED_EDGE('',*,*,#3898,.F.);
#3905 = CYLINDRICAL_SURFACE('',#3906,0.4);
#3906 = AXIS2_PLACEMENT_3D('',#3907,#3908,#3909);
#3907 = CARTESIAN_POINT('',(111.3202,-134.5451,-4.5E-02));
#3908 = DIRECTION('',(-0.,-0.,-1.));
#3909 = DIRECTION('',(-0.,-1.,0.));
#3910 = ADVANCED_FACE('',(#3911),#3922,.F.);
#3911 = FACE_BOUND('',#3912,.T.);
#3912 = EDGE_LOOP('',(#3913,#3914,#3920,#3921));
#3913 = ORIENTED_EDGE('',*,*,#2668,.T.);
#3914 = ORIENTED_EDGE('',*,*,#3915,.T.);
#3915 = EDGE_CURVE('',#2669,#3176,#3916,.T.);
#3916 = LINE('',#3917,#3918);
#3917 = CARTESIAN_POINT('',(111.3202,-132.4051,-4.5E-02));
#3918 = VECTOR('',#3919,1.);
#3919 = DIRECTION('',(0.,0.,1.));
#3920 = ORIENTED_EDGE('',*,*,#3175,.F.);
#3921 = ORIENTED_EDGE('',*,*,#3915,.F.);
#3922 = CYLINDRICAL_SURFACE('',#3923,0.4);
#3923 = AXIS2_PLACEMENT_3D('',#3924,#3925,#3926);
#3924 = CARTESIAN_POINT('',(111.3202,-132.0051,-4.5E-02));
#3925 = DIRECTION('',(-0.,-0.,-1.));
#3926 = DIRECTION('',(-0.,-1.,0.));
#3927 = ADVANCED_FACE('',(#3928),#3939,.F.);
#3928 = FACE_BOUND('',#3929,.T.);
#3929 = EDGE_LOOP('',(#3930,#3931,#3937,#3938));
#3930 = ORIENTED_EDGE('',*,*,#2679,.T.);
#3931 = ORIENTED_EDGE('',*,*,#3932,.T.);
#3932 = EDGE_CURVE('',#2680,#3187,#3933,.T.);
#3933 = LINE('',#3934,#3935);
#3934 = CARTESIAN_POINT('',(111.3202,-129.8651,-4.5E-02));
#3935 = VECTOR('',#3936,1.);
#3936 = DIRECTION('',(0.,0.,1.));
#3937 = ORIENTED_EDGE('',*,*,#3186,.F.);
#3938 = ORIENTED_EDGE('',*,*,#3932,.F.);
#3939 = CYLINDRICAL_SURFACE('',#3940,0.4);
#3940 = AXIS2_PLACEMENT_3D('',#3941,#3942,#3943);
#3941 = CARTESIAN_POINT('',(111.3202,-129.4651,-4.5E-02));
#3942 = DIRECTION('',(-0.,-0.,-1.));
#3943 = DIRECTION('',(-0.,-1.,0.));
#3944 = ADVANCED_FACE('',(#3945),#3956,.F.);
#3945 = FACE_BOUND('',#3946,.T.);
#3946 = EDGE_LOOP('',(#3947,#3948,#3954,#3955));
#3947 = ORIENTED_EDGE('',*,*,#2690,.T.);
#3948 = ORIENTED_EDGE('',*,*,#3949,.T.);
#3949 = EDGE_CURVE('',#2691,#3198,#3950,.T.);
#3950 = LINE('',#3951,#3952);
#3951 = CARTESIAN_POINT('',(101.1602,-127.3251,-4.5E-02));
#3952 = VECTOR('',#3953,1.);
#3953 = DIRECTION('',(0.,0.,1.));
#3954 = ORIENTED_EDGE('',*,*,#3197,.F.);
#3955 = ORIENTED_EDGE('',*,*,#3949,.F.);
#3956 = CYLINDRICAL_SURFACE('',#3957,0.4);
#3957 = AXIS2_PLACEMENT_3D('',#3958,#3959,#3960);
#3958 = CARTESIAN_POINT('',(101.1602,-126.9251,-4.5E-02));
#3959 = DIRECTION('',(-0.,-0.,-1.));
#3960 = DIRECTION('',(-0.,-1.,0.));
#3961 = ADVANCED_FACE('',(#3962),#3973,.F.);
#3962 = FACE_BOUND('',#3963,.T.);
#3963 = EDGE_LOOP('',(#3964,#3965,#3971,#3972));
#3964 = ORIENTED_EDGE('',*,*,#2701,.T.);
#3965 = ORIENTED_EDGE('',*,*,#3966,.T.);
#3966 = EDGE_CURVE('',#2702,#3209,#3967,.T.);
#3967 = LINE('',#3968,#3969);
#3968 = CARTESIAN_POINT('',(103.7002,-127.3251,-4.5E-02));
#3969 = VECTOR('',#3970,1.);
#3970 = DIRECTION('',(0.,0.,1.));
#3971 = ORIENTED_EDGE('',*,*,#3208,.F.);
#3972 = ORIENTED_EDGE('',*,*,#3966,.F.);
#3973 = CYLINDRICAL_SURFACE('',#3974,0.4);
#3974 = AXIS2_PLACEMENT_3D('',#3975,#3976,#3977);
#3975 = CARTESIAN_POINT('',(103.7002,-126.9251,-4.5E-02));
#3976 = DIRECTION('',(-0.,-0.,-1.));
#3977 = DIRECTION('',(-0.,-1.,0.));
#3978 = ADVANCED_FACE('',(#3979),#3990,.F.);
#3979 = FACE_BOUND('',#3980,.T.);
#3980 = EDGE_LOOP('',(#3981,#3982,#3988,#3989));
#3981 = ORIENTED_EDGE('',*,*,#2712,.T.);
#3982 = ORIENTED_EDGE('',*,*,#3983,.T.);
#3983 = EDGE_CURVE('',#2713,#3220,#3984,.T.);
#3984 = LINE('',#3985,#3986);
#3985 = CARTESIAN_POINT('',(106.2402,-127.3251,-4.5E-02));
#3986 = VECTOR('',#3987,1.);
#3987 = DIRECTION('',(0.,0.,1.));
#3988 = ORIENTED_EDGE('',*,*,#3219,.F.);
#3989 = ORIENTED_EDGE('',*,*,#3983,.F.);
#3990 = CYLINDRICAL_SURFACE('',#3991,0.4);
#3991 = AXIS2_PLACEMENT_3D('',#3992,#3993,#3994);
#3992 = CARTESIAN_POINT('',(106.2402,-126.9251,-4.5E-02));
#3993 = DIRECTION('',(-0.,0.,-1.));
#3994 = DIRECTION('',(3.5527136788E-14,-1.,-0.));
#3995 = ADVANCED_FACE('',(#3996),#4007,.F.);
#3996 = FACE_BOUND('',#3997,.T.);
#3997 = EDGE_LOOP('',(#3998,#3999,#4005,#4006));
#3998 = ORIENTED_EDGE('',*,*,#2723,.T.);
#3999 = ORIENTED_EDGE('',*,*,#4000,.T.);
#4000 = EDGE_CURVE('',#2724,#3231,#4001,.T.);
#4001 = LINE('',#4002,#4003);
#4002 = CARTESIAN_POINT('',(104.9782,-121.0831,-4.5E-02));
#4003 = VECTOR('',#4004,1.);
#4004 = DIRECTION('',(0.,0.,1.));
#4005 = ORIENTED_EDGE('',*,*,#3230,.F.);
#4006 = ORIENTED_EDGE('',*,*,#4000,.F.);
#4007 = CYLINDRICAL_SURFACE('',#4008,0.508);
#4008 = AXIS2_PLACEMENT_3D('',#4009,#4010,#4011);
#4009 = CARTESIAN_POINT('',(104.9782,-120.5751,-4.5E-02));
#4010 = DIRECTION('',(-0.,-0.,-1.));
#4011 = DIRECTION('',(-0.,-1.,0.));
#4012 = ADVANCED_FACE('',(#4013),#4024,.F.);
#4013 = FACE_BOUND('',#4014,.T.);
#4014 = EDGE_LOOP('',(#4015,#4016,#4022,#4023));
#4015 = ORIENTED_EDGE('',*,*,#2734,.T.);
#4016 = ORIENTED_EDGE('',*,*,#4017,.T.);
#4017 = EDGE_CURVE('',#2735,#3242,#4018,.T.);
#4018 = LINE('',#4019,#4020);
#4019 = CARTESIAN_POINT('',(104.9782,-118.5431,-4.5E-02));
#4020 = VECTOR('',#4021,1.);
#4021 = DIRECTION('',(0.,0.,1.));
#4022 = ORIENTED_EDGE('',*,*,#3241,.F.);
#4023 = ORIENTED_EDGE('',*,*,#4017,.F.);
#4024 = CYLINDRICAL_SURFACE('',#4025,0.508);
#4025 = AXIS2_PLACEMENT_3D('',#4026,#4027,#4028);
#4026 = CARTESIAN_POINT('',(104.9782,-118.0351,-4.5E-02));
#4027 = DIRECTION('',(-0.,-0.,-1.));
#4028 = DIRECTION('',(-0.,-1.,0.));
#4029 = ADVANCED_FACE('',(#4030),#4041,.F.);
#4030 = FACE_BOUND('',#4031,.T.);
#4031 = EDGE_LOOP('',(#4032,#4033,#4039,#4040));
#4032 = ORIENTED_EDGE('',*,*,#2745,.T.);
#4033 = ORIENTED_EDGE('',*,*,#4034,.T.);
#4034 = EDGE_CURVE('',#2746,#3253,#4035,.T.);
#4035 = LINE('',#4036,#4037);
#4036 = CARTESIAN_POINT('',(108.7802,-127.3251,-4.5E-02));
#4037 = VECTOR('',#4038,1.);
#4038 = DIRECTION('',(0.,0.,1.));
#4039 = ORIENTED_EDGE('',*,*,#3252,.F.);
#4040 = ORIENTED_EDGE('',*,*,#4034,.F.);
#4041 = CYLINDRICAL_SURFACE('',#4042,0.4);
#4042 = AXIS2_PLACEMENT_3D('',#4043,#4044,#4045);
#4043 = CARTESIAN_POINT('',(108.7802,-126.9251,-4.5E-02));
#4044 = DIRECTION('',(-0.,-0.,-1.));
#4045 = DIRECTION('',(-3.552713678801E-14,-1.,0.));
#4046 = ADVANCED_FACE('',(#4047),#4058,.F.);
#4047 = FACE_BOUND('',#4048,.T.);
#4048 = EDGE_LOOP('',(#4049,#4050,#4056,#4057));
#4049 = ORIENTED_EDGE('',*,*,#2756,.T.);
#4050 = ORIENTED_EDGE('',*,*,#4051,.T.);
#4051 = EDGE_CURVE('',#2757,#3264,#4052,.T.);
#4052 = LINE('',#4053,#4054);
#4053 = CARTESIAN_POINT('',(111.3202,-127.3251,-4.5E-02));
#4054 = VECTOR('',#4055,1.);
#4055 = DIRECTION('',(0.,0.,1.));
#4056 = ORIENTED_EDGE('',*,*,#3263,.F.);
#4057 = ORIENTED_EDGE('',*,*,#4051,.F.);
#4058 = CYLINDRICAL_SURFACE('',#4059,0.4);
#4059 = AXIS2_PLACEMENT_3D('',#4060,#4061,#4062);
#4060 = CARTESIAN_POINT('',(111.3202,-126.9251,-4.5E-02));
#4061 = DIRECTION('',(-0.,-0.,-1.));
#4062 = DIRECTION('',(-0.,-1.,0.));
#4063 = ADVANCED_FACE('',(#4064),#4075,.F.);
#4064 = FACE_BOUND('',#4065,.T.);
#4065 = EDGE_LOOP('',(#4066,#4067,#4073,#4074));
#4066 = ORIENTED_EDGE('',*,*,#2767,.T.);
#4067 = ORIENTED_EDGE('',*,*,#4068,.T.);
#4068 = EDGE_CURVE('',#2768,#3275,#4069,.T.);
#4069 = LINE('',#4070,#4071);
#4070 = CARTESIAN_POINT('',(107.5182,-121.0831,-4.5E-02));
#4071 = VECTOR('',#4072,1.);
#4072 = DIRECTION('',(0.,0.,1.));
#4073 = ORIENTED_EDGE('',*,*,#3274,.F.);
#4074 = ORIENTED_EDGE('',*,*,#4068,.F.);
#4075 = CYLINDRICAL_SURFACE('',#4076,0.508);
#4076 = AXIS2_PLACEMENT_3D('',#4077,#4078,#4079);
#4077 = CARTESIAN_POINT('',(107.5182,-120.5751,-4.5E-02));
#4078 = DIRECTION('',(-0.,-0.,-1.));
#4079 = DIRECTION('',(-2.797412345512E-14,-1.,0.));
#4080 = ADVANCED_FACE('',(#4081),#4092,.F.);
#4081 = FACE_BOUND('',#4082,.T.);
#4082 = EDGE_LOOP('',(#4083,#4084,#4090,#4091));
#4083 = ORIENTED_EDGE('',*,*,#2778,.T.);
#4084 = ORIENTED_EDGE('',*,*,#4085,.T.);
#4085 = EDGE_CURVE('',#2779,#3286,#4086,.T.);
#4086 = LINE('',#4087,#4088);
#4087 = CARTESIAN_POINT('',(107.5182,-118.5431,-4.5E-02));
#4088 = VECTOR('',#4089,1.);
#4089 = DIRECTION('',(0.,0.,1.));
#4090 = ORIENTED_EDGE('',*,*,#3285,.F.);
#4091 = ORIENTED_EDGE('',*,*,#4085,.F.);
#4092 = CYLINDRICAL_SURFACE('',#4093,0.508);
#4093 = AXIS2_PLACEMENT_3D('',#4094,#4095,#4096);
#4094 = CARTESIAN_POINT('',(107.5182,-118.0351,-4.5E-02));
#4095 = DIRECTION('',(-0.,-0.,-1.));
#4096 = DIRECTION('',(-2.797412345512E-14,-1.,0.));
#4097 = ADVANCED_FACE('',(#4098),#4109,.F.);
#4098 = FACE_BOUND('',#4099,.T.);
#4099 = EDGE_LOOP('',(#4100,#4101,#4107,#4108));
#4100 = ORIENTED_EDGE('',*,*,#2789,.T.);
#4101 = ORIENTED_EDGE('',*,*,#4102,.T.);
#4102 = EDGE_CURVE('',#2790,#3297,#4103,.T.);
#4103 = LINE('',#4104,#4105);
#4104 = CARTESIAN_POINT('',(110.0582,-121.0831,-4.5E-02));
#4105 = VECTOR('',#4106,1.);
#4106 = DIRECTION('',(0.,0.,1.));
#4107 = ORIENTED_EDGE('',*,*,#3296,.F.);
#4108 = ORIENTED_EDGE('',*,*,#4102,.F.);
#4109 = CYLINDRICAL_SURFACE('',#4110,0.508);
#4110 = AXIS2_PLACEMENT_3D('',#4111,#4112,#4113);
#4111 = CARTESIAN_POINT('',(110.0582,-120.5751,-4.5E-02));
#4112 = DIRECTION('',(-0.,-0.,-1.));
#4113 = DIRECTION('',(-0.,-1.,0.));
#4114 = ADVANCED_FACE('',(#4115),#4126,.F.);
#4115 = FACE_BOUND('',#4116,.T.);
#4116 = EDGE_LOOP('',(#4117,#4118,#4124,#4125));
#4117 = ORIENTED_EDGE('',*,*,#2800,.T.);
#4118 = ORIENTED_EDGE('',*,*,#4119,.T.);
#4119 = EDGE_CURVE('',#2801,#3308,#4120,.T.);
#4120 = LINE('',#4121,#4122);
#4121 = CARTESIAN_POINT('',(110.0582,-118.5431,-4.5E-02));
#4122 = VECTOR('',#4123,1.);
#4123 = DIRECTION('',(0.,0.,1.));
#4124 = ORIENTED_EDGE('',*,*,#3307,.F.);
#4125 = ORIENTED_EDGE('',*,*,#4119,.F.);
#4126 = CYLINDRICAL_SURFACE('',#4127,0.508);
#4127 = AXIS2_PLACEMENT_3D('',#4128,#4129,#4130);
#4128 = CARTESIAN_POINT('',(110.0582,-118.0351,-4.5E-02));
#4129 = DIRECTION('',(-0.,-0.,-1.));
#4130 = DIRECTION('',(-0.,-1.,0.));
#4131 = ( GEOMETRIC_REPRESENTATION_CONTEXT(3) 
GLOBAL_UNCERTAINTY_ASSIGNED_CONTEXT((#4135)) 
GLOBAL_UNIT_ASSIGNED_CONTEXT((#4132,#4133,#4134)) REPRESENTATION_CONTEXT
('Context #1','3D Context with UNIT and UNCERTAINTY') );
#4132 = ( LENGTH_UNIT() NAMED_UNIT(*) SI_UNIT(.MILLI.,.METRE.) );
#4133 = ( NAMED_UNIT(*) PLANE_ANGLE_UNIT() SI_UNIT($,.RADIAN.) );
#4134 = ( NAMED_UNIT(*) SI_UNIT($,.STERADIAN.) SOLID_ANGLE_UNIT() );
#4135 = UNCERTAINTY_MEASURE_WITH_UNIT(LENGTH_MEASURE(1.E-07),#4132,
  'distance_accuracy_value','confusion accuracy');
#4136 = CONTEXT_DEPENDENT_SHAPE_REPRESENTATION(#4137,#4139);
#4137 = ( REPRESENTATION_RELATIONSHIP('','',#2199,#10) 
REPRESENTATION_RELATIONSHIP_WITH_TRANSFORMATION(#4138) 
SHAPE_REPRESENTATION_RELATIONSHIP() );
#4138 = ITEM_DEFINED_TRANSFORMATION('','',#11,#27);
#4139 = PRODUCT_DEFINITION_SHAPE('Placement','Placement of an item',
  #4140);
#4140 = NEXT_ASSEMBLY_USAGE_OCCURRENCE('6','=>[0:1:1:6]','',#5,#2194,$);
#4141 = PRODUCT_RELATED_PRODUCT_CATEGORY('part',$,(#2196));
#4142 = MECHANICAL_DESIGN_GEOMETRIC_PRESENTATION_REPRESENTATION('',(
    #4143,#4151,#4158,#4165,#4172,#4179,#4186,#4193,#4201,#4208,#4215,
    #4222,#4229,#4236,#4243,#4250,#4257,#4264,#4271,#4278,#4285,#4292,
    #4299,#4306,#4313,#4320,#4328,#4335,#4342,#4349,#4356,#4363,#4370,
    #4377,#4384,#4391,#4398,#4405,#4412),#1344);
#4143 = STYLED_ITEM('color',(#4144),#70);
#4144 = PRESENTATION_STYLE_ASSIGNMENT((#4145));
#4145 = SURFACE_STYLE_USAGE(.BOTH.,#4146);
#4146 = SURFACE_SIDE_STYLE('',(#4147));
#4147 = SURFACE_STYLE_FILL_AREA(#4148);
#4148 = FILL_AREA_STYLE('',(#4149));
#4149 = FILL_AREA_STYLE_COLOUR('',#4150);
#4150 = COLOUR_RGB('',0.823999987314,0.819999987296,0.781000009244);
#4151 = STYLED_ITEM('color',(#4152),#127);
#4152 = PRESENTATION_STYLE_ASSIGNMENT((#4153));
#4153 = SURFACE_STYLE_USAGE(.BOTH.,#4154);
#4154 = SURFACE_SIDE_STYLE('',(#4155));
#4155 = SURFACE_STYLE_FILL_AREA(#4156);
#4156 = FILL_AREA_STYLE('',(#4157));
#4157 = FILL_AREA_STYLE_COLOUR('',#4150);
#4158 = STYLED_ITEM('color',(#4159),#210);
#4159 = PRESENTATION_STYLE_ASSIGNMENT((#4160));
#4160 = SURFACE_STYLE_USAGE(.BOTH.,#4161);
#4161 = SURFACE_SIDE_STYLE('',(#4162));
#4162 = SURFACE_STYLE_FILL_AREA(#4163);
#4163 = FILL_AREA_STYLE('',(#4164));
#4164 = FILL_AREA_STYLE_COLOUR('',#4150);
#4165 = STYLED_ITEM('color',(#4166),#239);
#4166 = PRESENTATION_STYLE_ASSIGNMENT((#4167));
#4167 = SURFACE_STYLE_USAGE(.BOTH.,#4168);
#4168 = SURFACE_SIDE_STYLE('',(#4169));
#4169 = SURFACE_STYLE_FILL_AREA(#4170);
#4170 = FILL_AREA_STYLE('',(#4171));
#4171 = FILL_AREA_STYLE_COLOUR('',#4150);
#4172 = STYLED_ITEM('color',(#4173),#311);
#4173 = PRESENTATION_STYLE_ASSIGNMENT((#4174));
#4174 = SURFACE_STYLE_USAGE(.BOTH.,#4175);
#4175 = SURFACE_SIDE_STYLE('',(#4176));
#4176 = SURFACE_STYLE_FILL_AREA(#4177);
#4177 = FILL_AREA_STYLE('',(#4178));
#4178 = FILL_AREA_STYLE_COLOUR('',#4150);
#4179 = STYLED_ITEM('color',(#4180),#336);
#4180 = PRESENTATION_STYLE_ASSIGNMENT((#4181));
#4181 = SURFACE_STYLE_USAGE(.BOTH.,#4182);
#4182 = SURFACE_SIDE_STYLE('',(#4183));
#4183 = SURFACE_STYLE_FILL_AREA(#4184);
#4184 = FILL_AREA_STYLE('',(#4185));
#4185 = FILL_AREA_STYLE_COLOUR('',#4150);
#4186 = STYLED_ITEM('color',(#4187),#411);
#4187 = PRESENTATION_STYLE_ASSIGNMENT((#4188));
#4188 = SURFACE_STYLE_USAGE(.BOTH.,#4189);
#4189 = SURFACE_SIDE_STYLE('',(#4190));
#4190 = SURFACE_STYLE_FILL_AREA(#4191);
#4191 = FILL_AREA_STYLE('',(#4192));
#4192 = FILL_AREA_STYLE_COLOUR('',#4150);
#4193 = STYLED_ITEM('color',(#4194),#428);
#4194 = PRESENTATION_STYLE_ASSIGNMENT((#4195));
#4195 = SURFACE_STYLE_USAGE(.BOTH.,#4196);
#4196 = SURFACE_SIDE_STYLE('',(#4197));
#4197 = SURFACE_STYLE_FILL_AREA(#4198);
#4198 = FILL_AREA_STYLE('',(#4199));
#4199 = FILL_AREA_STYLE_COLOUR('',#4200);
#4200 = COLOUR_RGB('',0.147999998088,0.144999993226,0.144999993226);
#4201 = STYLED_ITEM('color',(#4202),#514);
#4202 = PRESENTATION_STYLE_ASSIGNMENT((#4203));
#4203 = SURFACE_STYLE_USAGE(.BOTH.,#4204);
#4204 = SURFACE_SIDE_STYLE('',(#4205));
#4205 = SURFACE_STYLE_FILL_AREA(#4206);
#4206 = FILL_AREA_STYLE('',(#4207));
#4207 = FILL_AREA_STYLE_COLOUR('',#4200);
#4208 = STYLED_ITEM('color',(#4209),#538);
#4209 = PRESENTATION_STYLE_ASSIGNMENT((#4210));
#4210 = SURFACE_STYLE_USAGE(.BOTH.,#4211);
#4211 = SURFACE_SIDE_STYLE('',(#4212));
#4212 = SURFACE_STYLE_FILL_AREA(#4213);
#4213 = FILL_AREA_STYLE('',(#4214));
#4214 = FILL_AREA_STYLE_COLOUR('',#4200);
#4215 = STYLED_ITEM('color',(#4216),#646);
#4216 = PRESENTATION_STYLE_ASSIGNMENT((#4217));
#4217 = SURFACE_STYLE_USAGE(.BOTH.,#4218);
#4218 = SURFACE_SIDE_STYLE('',(#4219));
#4219 = SURFACE_STYLE_FILL_AREA(#4220);
#4220 = FILL_AREA_STYLE('',(#4221));
#4221 = FILL_AREA_STYLE_COLOUR('',#4150);
#4222 = STYLED_ITEM('color',(#4223),#663);
#4223 = PRESENTATION_STYLE_ASSIGNMENT((#4224));
#4224 = SURFACE_STYLE_USAGE(.BOTH.,#4225);
#4225 = SURFACE_SIDE_STYLE('',(#4226));
#4226 = SURFACE_STYLE_FILL_AREA(#4227);
#4227 = FILL_AREA_STYLE('',(#4228));
#4228 = FILL_AREA_STYLE_COLOUR('',#4150);
#4229 = STYLED_ITEM('color',(#4230),#680);
#4230 = PRESENTATION_STYLE_ASSIGNMENT((#4231));
#4231 = SURFACE_STYLE_USAGE(.BOTH.,#4232);
#4232 = SURFACE_SIDE_STYLE('',(#4233));
#4233 = SURFACE_STYLE_FILL_AREA(#4234);
#4234 = FILL_AREA_STYLE('',(#4235));
#4235 = FILL_AREA_STYLE_COLOUR('',#4150);
#4236 = STYLED_ITEM('color',(#4237),#704);
#4237 = PRESENTATION_STYLE_ASSIGNMENT((#4238));
#4238 = SURFACE_STYLE_USAGE(.BOTH.,#4239);
#4239 = SURFACE_SIDE_STYLE('',(#4240));
#4240 = SURFACE_STYLE_FILL_AREA(#4241);
#4241 = FILL_AREA_STYLE('',(#4242));
#4242 = FILL_AREA_STYLE_COLOUR('',#4150);
#4243 = STYLED_ITEM('color',(#4244),#716);
#4244 = PRESENTATION_STYLE_ASSIGNMENT((#4245));
#4245 = SURFACE_STYLE_USAGE(.BOTH.,#4246);
#4246 = SURFACE_SIDE_STYLE('',(#4247));
#4247 = SURFACE_STYLE_FILL_AREA(#4248);
#4248 = FILL_AREA_STYLE('',(#4249));
#4249 = FILL_AREA_STYLE_COLOUR('',#4150);
#4250 = STYLED_ITEM('color',(#4251),#733);
#4251 = PRESENTATION_STYLE_ASSIGNMENT((#4252));
#4252 = SURFACE_STYLE_USAGE(.BOTH.,#4253);
#4253 = SURFACE_SIDE_STYLE('',(#4254));
#4254 = SURFACE_STYLE_FILL_AREA(#4255);
#4255 = FILL_AREA_STYLE('',(#4256));
#4256 = FILL_AREA_STYLE_COLOUR('',#4150);
#4257 = STYLED_ITEM('color',(#4258),#745);
#4258 = PRESENTATION_STYLE_ASSIGNMENT((#4259));
#4259 = SURFACE_STYLE_USAGE(.BOTH.,#4260);
#4260 = SURFACE_SIDE_STYLE('',(#4261));
#4261 = SURFACE_STYLE_FILL_AREA(#4262);
#4262 = FILL_AREA_STYLE('',(#4263));
#4263 = FILL_AREA_STYLE_COLOUR('',#4200);
#4264 = STYLED_ITEM('color',(#4265),#762);
#4265 = PRESENTATION_STYLE_ASSIGNMENT((#4266));
#4266 = SURFACE_STYLE_USAGE(.BOTH.,#4267);
#4267 = SURFACE_SIDE_STYLE('',(#4268));
#4268 = SURFACE_STYLE_FILL_AREA(#4269);
#4269 = FILL_AREA_STYLE('',(#4270));
#4270 = FILL_AREA_STYLE_COLOUR('',#4200);
#4271 = STYLED_ITEM('color',(#4272),#779);
#4272 = PRESENTATION_STYLE_ASSIGNMENT((#4273));
#4273 = SURFACE_STYLE_USAGE(.BOTH.,#4274);
#4274 = SURFACE_SIDE_STYLE('',(#4275));
#4275 = SURFACE_STYLE_FILL_AREA(#4276);
#4276 = FILL_AREA_STYLE('',(#4277));
#4277 = FILL_AREA_STYLE_COLOUR('',#4200);
#4278 = STYLED_ITEM('color',(#4279),#796);
#4279 = PRESENTATION_STYLE_ASSIGNMENT((#4280));
#4280 = SURFACE_STYLE_USAGE(.BOTH.,#4281);
#4281 = SURFACE_SIDE_STYLE('',(#4282));
#4282 = SURFACE_STYLE_FILL_AREA(#4283);
#4283 = FILL_AREA_STYLE('',(#4284));
#4284 = FILL_AREA_STYLE_COLOUR('',#4150);
#4285 = STYLED_ITEM('color',(#4286),#865);
#4286 = PRESENTATION_STYLE_ASSIGNMENT((#4287));
#4287 = SURFACE_STYLE_USAGE(.BOTH.,#4288);
#4288 = SURFACE_SIDE_STYLE('',(#4289));
#4289 = SURFACE_STYLE_FILL_AREA(#4290);
#4290 = FILL_AREA_STYLE('',(#4291));
#4291 = FILL_AREA_STYLE_COLOUR('',#4150);
#4292 = STYLED_ITEM('color',(#4293),#890);
#4293 = PRESENTATION_STYLE_ASSIGNMENT((#4294));
#4294 = SURFACE_STYLE_USAGE(.BOTH.,#4295);
#4295 = SURFACE_SIDE_STYLE('',(#4296));
#4296 = SURFACE_STYLE_FILL_AREA(#4297);
#4297 = FILL_AREA_STYLE('',(#4298));
#4298 = FILL_AREA_STYLE_COLOUR('',#4200);
#4299 = STYLED_ITEM('color',(#4300),#907);
#4300 = PRESENTATION_STYLE_ASSIGNMENT((#4301));
#4301 = SURFACE_STYLE_USAGE(.BOTH.,#4302);
#4302 = SURFACE_SIDE_STYLE('',(#4303));
#4303 = SURFACE_STYLE_FILL_AREA(#4304);
#4304 = FILL_AREA_STYLE('',(#4305));
#4305 = FILL_AREA_STYLE_COLOUR('',#4150);
#4306 = STYLED_ITEM('color',(#4307),#973);
#4307 = PRESENTATION_STYLE_ASSIGNMENT((#4308));
#4308 = SURFACE_STYLE_USAGE(.BOTH.,#4309);
#4309 = SURFACE_SIDE_STYLE('',(#4310));
#4310 = SURFACE_STYLE_FILL_AREA(#4311);
#4311 = FILL_AREA_STYLE('',(#4312));
#4312 = FILL_AREA_STYLE_COLOUR('',#4200);
#4313 = STYLED_ITEM('color',(#4314),#985);
#4314 = PRESENTATION_STYLE_ASSIGNMENT((#4315));
#4315 = SURFACE_STYLE_USAGE(.BOTH.,#4316);
#4316 = SURFACE_SIDE_STYLE('',(#4317));
#4317 = SURFACE_STYLE_FILL_AREA(#4318);
#4318 = FILL_AREA_STYLE('',(#4319));
#4319 = FILL_AREA_STYLE_COLOUR('',#4150);
#4320 = STYLED_ITEM('color',(#4321),#1002);
#4321 = PRESENTATION_STYLE_ASSIGNMENT((#4322));
#4322 = SURFACE_STYLE_USAGE(.BOTH.,#4323);
#4323 = SURFACE_SIDE_STYLE('',(#4324));
#4324 = SURFACE_STYLE_FILL_AREA(#4325);
#4325 = FILL_AREA_STYLE('',(#4326));
#4326 = FILL_AREA_STYLE_COLOUR('',#4327);
#4327 = COLOUR_RGB('',0.690999977303,0.663999984767,0.597999987832);
#4328 = STYLED_ITEM('color',(#4329),#1033);
#4329 = PRESENTATION_STYLE_ASSIGNMENT((#4330));
#4330 = SURFACE_STYLE_USAGE(.BOTH.,#4331);
#4331 = SURFACE_SIDE_STYLE('',(#4332));
#4332 = SURFACE_STYLE_FILL_AREA(#4333);
#4333 = FILL_AREA_STYLE('',(#4334));
#4334 = FILL_AREA_STYLE_COLOUR('',#4327);
#4335 = STYLED_ITEM('color',(#4336),#1057);
#4336 = PRESENTATION_STYLE_ASSIGNMENT((#4337));
#4337 = SURFACE_STYLE_USAGE(.BOTH.,#4338);
#4338 = SURFACE_SIDE_STYLE('',(#4339));
#4339 = SURFACE_STYLE_FILL_AREA(#4340);
#4340 = FILL_AREA_STYLE('',(#4341));
#4341 = FILL_AREA_STYLE_COLOUR('',#4327);
#4342 = STYLED_ITEM('color',(#4343),#1081);
#4343 = PRESENTATION_STYLE_ASSIGNMENT((#4344));
#4344 = SURFACE_STYLE_USAGE(.BOTH.,#4345);
#4345 = SURFACE_SIDE_STYLE('',(#4346));
#4346 = SURFACE_STYLE_FILL_AREA(#4347);
#4347 = FILL_AREA_STYLE('',(#4348));
#4348 = FILL_AREA_STYLE_COLOUR('',#4327);
#4349 = STYLED_ITEM('color',(#4350),#1098);
#4350 = PRESENTATION_STYLE_ASSIGNMENT((#4351));
#4351 = SURFACE_STYLE_USAGE(.BOTH.,#4352);
#4352 = SURFACE_SIDE_STYLE('',(#4353));
#4353 = SURFACE_STYLE_FILL_AREA(#4354);
#4354 = FILL_AREA_STYLE('',(#4355));
#4355 = FILL_AREA_STYLE_COLOUR('',#4150);
#4356 = STYLED_ITEM('color',(#4357),#1132);
#4357 = PRESENTATION_STYLE_ASSIGNMENT((#4358));
#4358 = SURFACE_STYLE_USAGE(.BOTH.,#4359);
#4359 = SURFACE_SIDE_STYLE('',(#4360));
#4360 = SURFACE_STYLE_FILL_AREA(#4361);
#4361 = FILL_AREA_STYLE('',(#4362));
#4362 = FILL_AREA_STYLE_COLOUR('',#4150);
#4363 = STYLED_ITEM('color',(#4364),#1161);
#4364 = PRESENTATION_STYLE_ASSIGNMENT((#4365));
#4365 = SURFACE_STYLE_USAGE(.BOTH.,#4366);
#4366 = SURFACE_SIDE_STYLE('',(#4367));
#4367 = SURFACE_STYLE_FILL_AREA(#4368);
#4368 = FILL_AREA_STYLE('',(#4369));
#4369 = FILL_AREA_STYLE_COLOUR('',#4150);
#4370 = STYLED_ITEM('color',(#4371),#1185);
#4371 = PRESENTATION_STYLE_ASSIGNMENT((#4372));
#4372 = SURFACE_STYLE_USAGE(.BOTH.,#4373);
#4373 = SURFACE_SIDE_STYLE('',(#4374));
#4374 = SURFACE_STYLE_FILL_AREA(#4375);
#4375 = FILL_AREA_STYLE('',(#4376));
#4376 = FILL_AREA_STYLE_COLOUR('',#4150);
#4377 = STYLED_ITEM('color',(#4378),#1214);
#4378 = PRESENTATION_STYLE_ASSIGNMENT((#4379));
#4379 = SURFACE_STYLE_USAGE(.BOTH.,#4380);
#4380 = SURFACE_SIDE_STYLE('',(#4381));
#4381 = SURFACE_STYLE_FILL_AREA(#4382);
#4382 = FILL_AREA_STYLE('',(#4383));
#4383 = FILL_AREA_STYLE_COLOUR('',#4150);
#4384 = STYLED_ITEM('color',(#4385),#1241);
#4385 = PRESENTATION_STYLE_ASSIGNMENT((#4386));
#4386 = SURFACE_STYLE_USAGE(.BOTH.,#4387);
#4387 = SURFACE_SIDE_STYLE('',(#4388));
#4388 = SURFACE_STYLE_FILL_AREA(#4389);
#4389 = FILL_AREA_STYLE('',(#4390));
#4390 = FILL_AREA_STYLE_COLOUR('',#4150);
#4391 = STYLED_ITEM('color',(#4392),#1270);
#4392 = PRESENTATION_STYLE_ASSIGNMENT((#4393));
#4393 = SURFACE_STYLE_USAGE(.BOTH.,#4394);
#4394 = SURFACE_SIDE_STYLE('',(#4395));
#4395 = SURFACE_STYLE_FILL_AREA(#4396);
#4396 = FILL_AREA_STYLE('',(#4397));
#4397 = FILL_AREA_STYLE_COLOUR('',#4150);
#4398 = STYLED_ITEM('color',(#4399),#1294);
#4399 = PRESENTATION_STYLE_ASSIGNMENT((#4400));
#4400 = SURFACE_STYLE_USAGE(.BOTH.,#4401);
#4401 = SURFACE_SIDE_STYLE('',(#4402));
#4402 = SURFACE_STYLE_FILL_AREA(#4403);
#4403 = FILL_AREA_STYLE('',(#4404));
#4404 = FILL_AREA_STYLE_COLOUR('',#4150);
#4405 = STYLED_ITEM('color',(#4406),#1316);
#4406 = PRESENTATION_STYLE_ASSIGNMENT((#4407));
#4407 = SURFACE_STYLE_USAGE(.BOTH.,#4408);
#4408 = SURFACE_SIDE_STYLE('',(#4409));
#4409 = SURFACE_STYLE_FILL_AREA(#4410);
#4410 = FILL_AREA_STYLE('',(#4411));
#4411 = FILL_AREA_STYLE_COLOUR('',#4327);
#4412 = STYLED_ITEM('color',(#4413),#1328);
#4413 = PRESENTATION_STYLE_ASSIGNMENT((#4414));
#4414 = SURFACE_STYLE_USAGE(.BOTH.,#4415);
#4415 = SURFACE_SIDE_STYLE('',(#4416));
#4416 = SURFACE_STYLE_FILL_AREA(#4417);
#4417 = FILL_AREA_STYLE('',(#4418));
#4418 = FILL_AREA_STYLE_COLOUR('',#4150);
#4419 = MECHANICAL_DESIGN_GEOMETRIC_PRESENTATION_REPRESENTATION('',(
    #4420,#4427,#4434,#4441,#4448,#4455,#4462,#4469,#4477,#4484,#4491,
    #4498,#4505,#4512,#4520,#4527,#4534,#4541,#4548,#4555,#4562,#4569,
    #4576,#4583,#4590,#4597),#2176);
#4420 = STYLED_ITEM('color',(#4421),#1388);
#4421 = PRESENTATION_STYLE_ASSIGNMENT((#4422));
#4422 = SURFACE_STYLE_USAGE(.BOTH.,#4423);
#4423 = SURFACE_SIDE_STYLE('',(#4424));
#4424 = SURFACE_STYLE_FILL_AREA(#4425);
#4425 = FILL_AREA_STYLE('',(#4426));
#4426 = FILL_AREA_STYLE_COLOUR('',#4150);
#4427 = STYLED_ITEM('color',(#4428),#1428);
#4428 = PRESENTATION_STYLE_ASSIGNMENT((#4429));
#4429 = SURFACE_STYLE_USAGE(.BOTH.,#4430);
#4430 = SURFACE_SIDE_STYLE('',(#4431));
#4431 = SURFACE_STYLE_FILL_AREA(#4432);
#4432 = FILL_AREA_STYLE('',(#4433));
#4433 = FILL_AREA_STYLE_COLOUR('',#4150);
#4434 = STYLED_ITEM('color',(#4435),#1511);
#4435 = PRESENTATION_STYLE_ASSIGNMENT((#4436));
#4436 = SURFACE_STYLE_USAGE(.BOTH.,#4437);
#4437 = SURFACE_SIDE_STYLE('',(#4438));
#4438 = SURFACE_STYLE_FILL_AREA(#4439);
#4439 = FILL_AREA_STYLE('',(#4440));
#4440 = FILL_AREA_STYLE_COLOUR('',#4150);
#4441 = STYLED_ITEM('color',(#4442),#1536);
#4442 = PRESENTATION_STYLE_ASSIGNMENT((#4443));
#4443 = SURFACE_STYLE_USAGE(.BOTH.,#4444);
#4444 = SURFACE_SIDE_STYLE('',(#4445));
#4445 = SURFACE_STYLE_FILL_AREA(#4446);
#4446 = FILL_AREA_STYLE('',(#4447));
#4447 = FILL_AREA_STYLE_COLOUR('',#4150);
#4448 = STYLED_ITEM('color',(#4449),#1561);
#4449 = PRESENTATION_STYLE_ASSIGNMENT((#4450));
#4450 = SURFACE_STYLE_USAGE(.BOTH.,#4451);
#4451 = SURFACE_SIDE_STYLE('',(#4452));
#4452 = SURFACE_STYLE_FILL_AREA(#4453);
#4453 = FILL_AREA_STYLE('',(#4454));
#4454 = FILL_AREA_STYLE_COLOUR('',#4150);
#4455 = STYLED_ITEM('color',(#4456),#1628);
#4456 = PRESENTATION_STYLE_ASSIGNMENT((#4457));
#4457 = SURFACE_STYLE_USAGE(.BOTH.,#4458);
#4458 = SURFACE_SIDE_STYLE('',(#4459));
#4459 = SURFACE_STYLE_FILL_AREA(#4460);
#4460 = FILL_AREA_STYLE('',(#4461));
#4461 = FILL_AREA_STYLE_COLOUR('',#4150);
#4462 = STYLED_ITEM('color',(#4463),#1645);
#4463 = PRESENTATION_STYLE_ASSIGNMENT((#4464));
#4464 = SURFACE_STYLE_USAGE(.BOTH.,#4465);
#4465 = SURFACE_SIDE_STYLE('',(#4466));
#4466 = SURFACE_STYLE_FILL_AREA(#4467);
#4467 = FILL_AREA_STYLE('',(#4468));
#4468 = FILL_AREA_STYLE_COLOUR('',#4150);
#4469 = STYLED_ITEM('color',(#4470),#1662);
#4470 = PRESENTATION_STYLE_ASSIGNMENT((#4471));
#4471 = SURFACE_STYLE_USAGE(.BOTH.,#4472);
#4472 = SURFACE_SIDE_STYLE('',(#4473));
#4473 = SURFACE_STYLE_FILL_AREA(#4474);
#4474 = FILL_AREA_STYLE('',(#4475));
#4475 = FILL_AREA_STYLE_COLOUR('',#4476);
#4476 = COLOUR_RGB('',0.894999966383,0.890999961016,0.813000030345);
#4477 = STYLED_ITEM('color',(#4478),#1711);
#4478 = PRESENTATION_STYLE_ASSIGNMENT((#4479));
#4479 = SURFACE_STYLE_USAGE(.BOTH.,#4480);
#4480 = SURFACE_SIDE_STYLE('',(#4481));
#4481 = SURFACE_STYLE_FILL_AREA(#4482);
#4482 = FILL_AREA_STYLE('',(#4483));
#4483 = FILL_AREA_STYLE_COLOUR('',#4150);
#4484 = STYLED_ITEM('color',(#4485),#1728);
#4485 = PRESENTATION_STYLE_ASSIGNMENT((#4486));
#4486 = SURFACE_STYLE_USAGE(.BOTH.,#4487);
#4487 = SURFACE_SIDE_STYLE('',(#4488));
#4488 = SURFACE_STYLE_FILL_AREA(#4489);
#4489 = FILL_AREA_STYLE('',(#4490));
#4490 = FILL_AREA_STYLE_COLOUR('',#4150);
#4491 = STYLED_ITEM('color',(#4492),#1745);
#4492 = PRESENTATION_STYLE_ASSIGNMENT((#4493));
#4493 = SURFACE_STYLE_USAGE(.BOTH.,#4494);
#4494 = SURFACE_SIDE_STYLE('',(#4495));
#4495 = SURFACE_STYLE_FILL_AREA(#4496);
#4496 = FILL_AREA_STYLE('',(#4497));
#4497 = FILL_AREA_STYLE_COLOUR('',#4476);
#4498 = STYLED_ITEM('color',(#4499),#1794);
#4499 = PRESENTATION_STYLE_ASSIGNMENT((#4500));
#4500 = SURFACE_STYLE_USAGE(.BOTH.,#4501);
#4501 = SURFACE_SIDE_STYLE('',(#4502));
#4502 = SURFACE_STYLE_FILL_AREA(#4503);
#4503 = FILL_AREA_STYLE('',(#4504));
#4504 = FILL_AREA_STYLE_COLOUR('',#4476);
#4505 = STYLED_ITEM('color',(#4506),#1811);
#4506 = PRESENTATION_STYLE_ASSIGNMENT((#4507));
#4507 = SURFACE_STYLE_USAGE(.BOTH.,#4508);
#4508 = SURFACE_SIDE_STYLE('',(#4509));
#4509 = SURFACE_STYLE_FILL_AREA(#4510);
#4510 = FILL_AREA_STYLE('',(#4511));
#4511 = FILL_AREA_STYLE_COLOUR('',#4150);
#4512 = STYLED_ITEM('color',(#4513),#1880);
#4513 = PRESENTATION_STYLE_ASSIGNMENT((#4514));
#4514 = SURFACE_STYLE_USAGE(.BOTH.,#4515);
#4515 = SURFACE_SIDE_STYLE('',(#4516));
#4516 = SURFACE_STYLE_FILL_AREA(#4517);
#4517 = FILL_AREA_STYLE('',(#4518));
#4518 = FILL_AREA_STYLE_COLOUR('',#4519);
#4519 = COLOUR_RGB('',8.200000279077E-02,8.600000121357E-02,
  9.399999706163E-02);
#4520 = STYLED_ITEM('color',(#4521),#1911);
#4521 = PRESENTATION_STYLE_ASSIGNMENT((#4522));
#4522 = SURFACE_STYLE_USAGE(.BOTH.,#4523);
#4523 = SURFACE_SIDE_STYLE('',(#4524));
#4524 = SURFACE_STYLE_FILL_AREA(#4525);
#4525 = FILL_AREA_STYLE('',(#4526));
#4526 = FILL_AREA_STYLE_COLOUR('',#4519);
#4527 = STYLED_ITEM('color',(#4528),#1935);
#4528 = PRESENTATION_STYLE_ASSIGNMENT((#4529));
#4529 = SURFACE_STYLE_USAGE(.BOTH.,#4530);
#4530 = SURFACE_SIDE_STYLE('',(#4531));
#4531 = SURFACE_STYLE_FILL_AREA(#4532);
#4532 = FILL_AREA_STYLE('',(#4533));
#4533 = FILL_AREA_STYLE_COLOUR('',#4150);
#4534 = STYLED_ITEM('color',(#4535),#2004);
#4535 = PRESENTATION_STYLE_ASSIGNMENT((#4536));
#4536 = SURFACE_STYLE_USAGE(.BOTH.,#4537);
#4537 = SURFACE_SIDE_STYLE('',(#4538));
#4538 = SURFACE_STYLE_FILL_AREA(#4539);
#4539 = FILL_AREA_STYLE('',(#4540));
#4540 = FILL_AREA_STYLE_COLOUR('',#4519);
#4541 = STYLED_ITEM('color',(#4542),#2028);
#4542 = PRESENTATION_STYLE_ASSIGNMENT((#4543));
#4543 = SURFACE_STYLE_USAGE(.BOTH.,#4544);
#4544 = SURFACE_SIDE_STYLE('',(#4545));
#4545 = SURFACE_STYLE_FILL_AREA(#4546);
#4546 = FILL_AREA_STYLE('',(#4547));
#4547 = FILL_AREA_STYLE_COLOUR('',#4150);
#4548 = STYLED_ITEM('color',(#4549),#2045);
#4549 = PRESENTATION_STYLE_ASSIGNMENT((#4550));
#4550 = SURFACE_STYLE_USAGE(.BOTH.,#4551);
#4551 = SURFACE_SIDE_STYLE('',(#4552));
#4552 = SURFACE_STYLE_FILL_AREA(#4553);
#4553 = FILL_AREA_STYLE('',(#4554));
#4554 = FILL_AREA_STYLE_COLOUR('',#4150);
#4555 = STYLED_ITEM('color',(#4556),#2062);
#4556 = PRESENTATION_STYLE_ASSIGNMENT((#4557));
#4557 = SURFACE_STYLE_USAGE(.BOTH.,#4558);
#4558 = SURFACE_SIDE_STYLE('',(#4559));
#4559 = SURFACE_STYLE_FILL_AREA(#4560);
#4560 = FILL_AREA_STYLE('',(#4561));
#4561 = FILL_AREA_STYLE_COLOUR('',#4150);
#4562 = STYLED_ITEM('color',(#4563),#2079);
#4563 = PRESENTATION_STYLE_ASSIGNMENT((#4564));
#4564 = SURFACE_STYLE_USAGE(.BOTH.,#4565);
#4565 = SURFACE_SIDE_STYLE('',(#4566));
#4566 = SURFACE_STYLE_FILL_AREA(#4567);
#4567 = FILL_AREA_STYLE('',(#4568));
#4568 = FILL_AREA_STYLE_COLOUR('',#4150);
#4569 = STYLED_ITEM('color',(#4570),#2096);
#4570 = PRESENTATION_STYLE_ASSIGNMENT((#4571));
#4571 = SURFACE_STYLE_USAGE(.BOTH.,#4572);
#4572 = SURFACE_SIDE_STYLE('',(#4573));
#4573 = SURFACE_STYLE_FILL_AREA(#4574);
#4574 = FILL_AREA_STYLE('',(#4575));
#4575 = FILL_AREA_STYLE_COLOUR('',#4150);
#4576 = STYLED_ITEM('color',(#4577),#2113);
#4577 = PRESENTATION_STYLE_ASSIGNMENT((#4578));
#4578 = SURFACE_STYLE_USAGE(.BOTH.,#4579);
#4579 = SURFACE_SIDE_STYLE('',(#4580));
#4580 = SURFACE_STYLE_FILL_AREA(#4581);
#4581 = FILL_AREA_STYLE('',(#4582));
#4582 = FILL_AREA_STYLE_COLOUR('',#4150);
#4583 = STYLED_ITEM('color',(#4584),#2130);
#4584 = PRESENTATION_STYLE_ASSIGNMENT((#4585));
#4585 = SURFACE_STYLE_USAGE(.BOTH.,#4586);
#4586 = SURFACE_SIDE_STYLE('',(#4587));
#4587 = SURFACE_STYLE_FILL_AREA(#4588);
#4588 = FILL_AREA_STYLE('',(#4589));
#4589 = FILL_AREA_STYLE_COLOUR('',#4150);
#4590 = STYLED_ITEM('color',(#4591),#2147);
#4591 = PRESENTATION_STYLE_ASSIGNMENT((#4592));
#4592 = SURFACE_STYLE_USAGE(.BOTH.,#4593);
#4593 = SURFACE_SIDE_STYLE('',(#4594));
#4594 = SURFACE_STYLE_FILL_AREA(#4595);
#4595 = FILL_AREA_STYLE('',(#4596));
#4596 = FILL_AREA_STYLE_COLOUR('',#4519);
#4597 = STYLED_ITEM('color',(#4598),#2164);
#4598 = PRESENTATION_STYLE_ASSIGNMENT((#4599));
#4599 = SURFACE_STYLE_USAGE(.BOTH.,#4600);
#4600 = SURFACE_SIDE_STYLE('',(#4601));
#4601 = SURFACE_STYLE_FILL_AREA(#4602);
#4602 = FILL_AREA_STYLE('',(#4603));
#4603 = FILL_AREA_STYLE_COLOUR('',#4519);
#4604 = MECHANICAL_DESIGN_GEOMETRIC_PRESENTATION_REPRESENTATION('',(
    #4605),#4131);
#4605 = STYLED_ITEM('color',(#4606),#2200);
#4606 = PRESENTATION_STYLE_ASSIGNMENT((#4607));
#4607 = SURFACE_STYLE_USAGE(.BOTH.,#4608);
#4608 = SURFACE_SIDE_STYLE('',(#4609));
#4609 = SURFACE_STYLE_FILL_AREA(#4610);
#4610 = FILL_AREA_STYLE('',(#4611));
#4611 = FILL_AREA_STYLE_COLOUR('',#4612);
#4612 = COLOUR_RGB('',0.313304153717,0.484529207832,0.410020903123);
ENDSEC;
END-ISO-10303-21;
